--------- beginning of system
04-29 06:56:54.049   479   494 I ActivityManager: Force stopping com.android.camera2 appid=10014 user=0: from pid 2719
--------- beginning of events
04-29 06:56:54.110   479   479 I notification_cancel_all: [1000,479,com.android.camera2,0,0,0,5,NULL]
--------- beginning of main
04-29 06:56:54.132  1242  1242 E PhoneInterfaceManager: [PhoneIntfMgr] getCarrierPackageNamesForIntent: No UICC
04-29 06:56:54.134  1242  1242 D CarrierSvcBindHelper: No carrier app for: 0
04-29 06:56:54.280   479   495 I ActivityManager: Force stopping com.android.camera2 appid=10014 user=0: from pid 2723
04-29 06:56:54.281   479   479 I notification_cancel_all: [1000,479,com.android.camera2,0,0,0,5,NULL]
04-29 06:56:54.282  1242  1242 E PhoneInterfaceManager: [PhoneIntfMgr] getCarrierPackageNamesForIntent: No UICC
04-29 06:56:54.282  1242  1242 D CarrierSvcBindHelper: No carrier app for: 0
04-29 06:56:54.545   479   495 I ActivityManager: START u0 {flg=0x10000000 cmp=com.android.camera2/com.android.camera.CameraActivity} from uid 0
04-29 06:56:54.561   479   495 I wm_stack_created: 1
04-29 06:56:54.575   479   495 I wm_task_created: [12,1]
04-29 06:56:54.581   479   495 I wm_task_moved: [12,1,0]
04-29 06:56:54.583   479   495 I am_focused_stack: [0,1,0,reuseOrNewTask]
04-29 06:56:54.584   479   495 I wm_task_moved: [12,1,0]
04-29 06:56:54.592   479   495 I am_create_task: [0,12]
04-29 06:56:54.593   479   495 I am_create_activity: [0,123750933,12,com.android.camera2/com.android.camera.CameraActivity,NULL,NULL,NULL,268435456]
04-29 06:56:54.596   479   495 I wm_task_moved: [12,1,0]
04-29 06:56:54.615   479   495 I am_uid_running: 10014
04-29 06:56:54.873   479   495 W ActivityManager: Slow operation: 253ms so far, now at startProcess: returned from zygote!
04-29 06:56:54.877   479   495 W ActivityManager: Slow operation: 260ms so far, now at startProcess: done updating battery stats
04-29 06:56:54.879   479   495 I am_proc_start: [0,2725,10014,com.android.camera2,activity,com.android.camera2/com.android.camera.CameraActivity]
04-29 06:56:54.883   479   495 W ActivityManager: Slow operation: 265ms so far, now at startProcess: building log message
04-29 06:56:54.884   479   495 I ActivityManager: Start proc 2725:com.android.camera2/u0a14 for activity com.android.camera2/com.android.camera.CameraActivity
04-29 06:56:54.884   479   495 W ActivityManager: Slow operation: 267ms so far, now at startProcess: starting to update pids map
04-29 06:56:54.885   479   495 W ActivityManager: Slow operation: 268ms so far, now at startProcess: done updating pids map
04-29 06:56:54.885   479   495 W ActivityManager: Slow operation: 272ms so far, now at startProcess: done starting proc!
04-29 06:56:55.167   479  1282 I am_proc_bound: [0,2725,com.android.camera2]
04-29 06:56:55.352   479   719 I InputReader: Reconfiguring input devices.  changes=0x00000004
04-29 06:56:55.428   479  1282 I am_uid_active: 10014
04-29 06:56:55.434   479  1282 I am_restart_activity: [0,123750933,12,com.android.camera2/com.android.camera.CameraActivity]
04-29 06:56:55.459   479  1282 I am_set_resumed_activity: [0,com.android.camera2/com.android.camera.CameraActivity,minimalResumeActivityLocked]
04-29 06:56:55.512   479  1282 I am_pause_activity: [0,123750933,com.android.camera2/com.android.camera.CameraActivity]
04-29 06:56:55.524   479  1282 W ActivityManager: Slow operation: 357ms so far, now at attachApplicationLocked: after mServices.attachApplicationLocked
04-29 06:56:55.531   479   519 W zygote  : Long monitor contention with owner Binder:479_5 (1282) at void com.android.server.am.ActivityManagerService.attachApplication(android.app.IApplicationThread)(ActivityManagerService.java:7308) waiters=1 in void com.android.server.am.ActivityStackSupervisor.handleDisplayChanged(int) for 327ms
04-29 06:56:55.535   479   519 I dvm_lock_sample: [system_server,1,ActivityManager,327,ActivityStackSupervisor.java,3998,void com.android.server.am.ActivityStackSupervisor.handleDisplayChanged(int),ActivityManagerService.java,7308,void com.android.server.am.ActivityManagerService.attachApplication(android.app.IApplicationThread),65]
04-29 06:56:55.546   479   520 W zygote  : Long monitor contention with owner Binder:479_5 (1282) at void com.android.server.am.ActivityManagerService.attachApplication(android.app.IApplicationThread)(ActivityManagerService.java:7308) waiters=2 in void com.android.server.am.ActivityManagerService.dispatchProcessesChanged() for 140ms
04-29 06:56:55.563   479   520 I dvm_lock_sample: [system_server,1,android.ui,140,ActivityManagerService.java,4371,void com.android.server.am.ActivityManagerService.dispatchProcessesChanged(),-,7308,void com.android.server.am.ActivityManagerService.attachApplication(android.app.IApplicationThread),28]
04-29 06:56:55.580   479   520 W Looper  : Dispatch took 176ms on android.ui, h=Handler (com.android.server.am.ActivityManagerService$UiHandler) {c0f4b8} cb=null msg=31
04-29 06:56:55.983  2725  2725 V CAM_Profiler: [  0.000ms][ui] GUARD: CameraApp onCreate() - START
04-29 06:56:55.996  2725  2725 V CAM_Profiler: [  0.000ms][ui] GUARD: FirstRunDetector getTimeOfFirstRun - START
04-29 06:56:56.025   479   519 W ActivityManager: Activity pause timeout for ActivityRecord{7604a15 u0 com.android.camera2/com.android.camera.CameraActivity t12}
04-29 06:56:56.027  2725  2725 I CAM_Profiler: [ 23.622ms][ui] GUARD: FirstRunDetector getTimeOfFirstRun - [23.622ms] PreferenceManager.getDefaultSharedPreferences
04-29 06:56:56.082   479   519 I am_stop_activity: [0,123750933,com.android.camera2/com.android.camera.CameraActivity]
04-29 06:56:56.086  2725  2725 I CAM_Profiler: [ 82.605ms][ui] GUARD: FirstRunDetector getTimeOfFirstRun - [58.983ms] preferences.getLong
04-29 06:56:56.092  2725  2725 I CAM_Profiler: [ 92.132ms][ui] GUARD: FirstRunDetector getTimeOfFirstRun - STOP
04-29 06:56:56.098  2725  2725 I CAM_Profiler: [137.003ms][ui] GUARD: CameraApp onCreate() - [137.003ms] initializeTimeOfFirstRun
04-29 06:56:56.114   479   519 I sysui_count: [window_time_0,73]
04-29 06:56:56.119   479   519 I sysui_multi_action: [757,803,799,window_time_0,802,73]
04-29 06:56:56.131  2725  2725 I CAM_Profiler: [172.595ms][ui] GUARD: CameraApp onCreate() - [35.592ms] UsageStatistics.initialize
04-29 06:56:56.172   479   479 I notification_cancel_all: [10014,2725,com.android.camera2,0,0,64,9,NULL]
04-29 06:56:56.181  2725  2725 I CAM_Profiler: [216.164ms][ui] GUARD: CameraApp onCreate() - [43.569ms] clearNotifications
04-29 06:56:56.185  2725  2725 I CAM_Profiler: [216.164ms][ui] GUARD: CameraApp onCreate() - STOP
04-29 06:56:56.276  2725  2741 D vndksupport: Loading /system/lib/egl/libEGL_tegra.so from current namespace instead of sphal namespace.
04-29 06:56:56.387  2725  2741 D libEGL  : loaded /system/lib/egl/libEGL_tegra.so
04-29 06:56:56.395  2725  2741 I         : Attempting to load EGL implementation libEGL_tegra_impl
04-29 06:56:56.541  2725  2741 I         : Loaded EGL implementation libEGL_tegra_impl
04-29 06:56:56.557  2725  2741 D vndksupport: Loading /system/lib/egl/libGLESv1_CM_tegra.so from current namespace instead of sphal namespace.
04-29 06:56:56.581  2725  2741 D libEGL  : loaded /system/lib/egl/libGLESv1_CM_tegra.so
04-29 06:56:56.634  2725  2741 D vndksupport: Loading /system/lib/egl/libGLESv2_tegra.so from current namespace instead of sphal namespace.
04-29 06:56:56.635  2725  2741 D libEGL  : loaded /system/lib/egl/libGLESv2_tegra.so
04-29 06:56:56.740  2725  2725 V CAM_QuickActivity: START onCreate: Activity = com.android.camera.CameraActivity@21cba2
04-29 06:56:56.751  2725  2725 V CAM_Profiler: [  0.000ms][ui] GUARD: CameraActivity.onCreateTasks - START
04-29 06:56:56.763  2725  2725 D CAM_LocationManager: Using legacy location provider.
--------- beginning of kernel
04-29 06:56:56.903     0     0 E gk20a.0 : unrecognized ioctl cmd: 0x8008486d
04-29 06:56:56.905  2725  2725 D CAM_MemoryManagerImpl: Max native memory: 358 MB
04-29 06:56:56.911  2725  2725 W SoundPool: Use of stream types is deprecated for operations other than volume control
04-29 06:56:56.911  2725  2725 W SoundPool: See the documentation of SoundPool() for what to use instead with android.media.AudioAttributes to qualify your playback use case
04-29 06:56:56.912  2725  2725 I CAM_OneCamFtrCnfgCrtr: CaptureModule? true
04-29 06:56:56.933  2725  2725 I CAM_Profiler: [187.786ms][ui] GUARD: CameraActivity.onCreateTasks - [19.154ms] Glide.setup
04-29 06:56:56.938  2725  2725 V CAM_Profiler: [192.902ms][ui] GUARD: CameraActivity.onCreateTasks - [ 5.116ms] OneCameraManager.get
04-29 06:56:56.954  2725  2749 V NuMediaExtractor: setDataSource fd=40 (/system/media/audio/ui/camera_click.ogg), offset=0, length=5951
04-29 06:56:56.954  2725  2725 I CameraManagerGlobal: Connecting to camera service
04-29 06:56:56.957  2725  2749 V NuMediaExtractor: track of type 'audio/vorbis' does not publish bitrate
04-29 06:56:56.959  2725  2725 V CAM_SettingsManager: listeners: [com.android.camera.CameraActivity@21cba2]
04-29 06:56:56.960   283   283 I OMXMaster: makeComponentInstance(OMX.google.vorbis.decoder) in android.hardwar process
04-29 06:56:56.965   589  1383 I CameraService: CameraService::connect call (PID -1 "com.android.camera2", camera ID 0) for HAL version default and Camera API version 1
04-29 06:56:56.966   589  1383 D NuPlayerDriver: NuPlayerDriver(0xb32a7e00) created, clientPid(2725)
04-29 06:56:56.970   589  2754 D NuPlayerDriver: notifyListener_l(0xb32a7e00), (1, 0, 0, -1), loop setting(0, 0)
04-29 06:56:56.970   589  1383 D NuPlayerDriver: NuPlayerDriver(0xb32a78c0) created, clientPid(2725)
04-29 06:56:56.975   589  2756 D NuPlayerDriver: notifyListener_l(0xb32a78c0), (1, 0, 0, -1), loop setting(0, 0)
04-29 06:56:56.976   589  1383 D NuPlayerDriver: NuPlayerDriver(0xb32a8490) created, clientPid(2725)
04-29 06:56:56.980   589  2758 D NuPlayerDriver: notifyListener_l(0xb32a8490), (1, 0, 0, -1), loop setting(0, 0)
04-29 06:56:56.980   589  1383 I Camera2ClientBase: Camera 0: Opened. Client: com.android.camera2 (PID 2725, UID 10014)
04-29 06:56:56.981   589  1383 V CameraWrapper: check_vendor_module
04-29 06:56:56.981   589  1383 V Camera3Wrapper: camera3_device_open
04-29 06:56:56.981   589  1383 V Camera3Wrapper: check_vendor_module
04-29 06:56:56.982   589  1383 D         : NvCameraTNR: ++
04-29 06:56:56.983   199   199 I auditd  : type=1400 audit(0.0:253): avc: denied { search } for comm="sensors@1.0-ser" name="tegra12-i2c.0" dev="sysfs" ino=323 scontext=u:r:hal_sensors_default:s0 tcontext=u:object_r:sysfs_nvi2c:s0 tclass=dir permissive=1
04-29 06:56:56.983   199   199 I sensors@1.0-ser: type=1400 audit(0.0:253): avc: denied { search } for name="tegra12-i2c.0" dev="sysfs" ino=323 scontext=u:r:hal_sensors_default:s0 tcontext=u:object_r:sysfs_nvi2c:s0 tclass=dir permissive=1
04-29 06:56:56.983   199   199 I auditd  : type=1400 audit(0.0:254): avc: denied { write } for comm="sensors@1.0-ser" name="enable" dev="sysfs" ino=12827 scontext=u:r:hal_sensors_default:s0 tcontext=u:object_r:sysfs_nvi2c:s0 tclass=file permissive=1
04-29 06:56:56.983   199   199 I sensors@1.0-ser: type=1400 audit(0.0:254): avc: denied { write } for name="enable" dev="sysfs" ino=12827 scontext=u:r:hal_sensors_default:s0 tcontext=u:object_r:sysfs_nvi2c:s0 tclass=file permissive=1
04-29 06:56:56.983   199   199 I auditd  : type=1400 audit(0.0:255): avc: denied { open } for comm="sensors@1.0-ser" path="/sys/devices/platform/tegra12-i2c.0/i2c-0/0-0008/lsm6db0_accel.0/iio:device2/buffer/enable" dev="sysfs" ino=12827 scontext=u:r:hal_sensors_default:s0 tcontext=u:object_r:sysfs_nvi2c:s0 tclass=file permissive=1
04-29 06:56:56.983   199   199 I sensors@1.0-ser: type=1400 audit(0.0:255): avc: denied { open } for path="/sys/devices/platform/tegra12-i2c.0/i2c-0/0-0008/lsm6db0_accel.0/iio:device2/buffer/enable" dev="sysfs" ino=12827 scontext=u:r:hal_sensors_default:s0 tcontext=u:object_r:sysfs_nvi2c:s0 tclass=file permissive=1
04-29 06:56:56.983   199   199 I auditd  : type=1400 audit(0.0:256): avc: denied { getattr } for comm="sensors@1.0-ser" path="/sys/devices/platform/tegra12-i2c.0/i2c-0/0-0008/lsm6db0_accel.0/iio:device2/buffer/enable" dev="sysfs" ino=12827 scontext=u:r:hal_sensors_default:s0 tcontext=u:object_r:sysfs_nvi2c:s0 tclass=file permissive=1
04-29 06:56:56.983   199   199 I sensors@1.0-ser: type=1400 audit(0.0:256): avc: denied { getattr } for path="/sys/devices/platform/tegra12-i2c.0/i2c-0/0-0008/lsm6db0_accel.0/iio:device2/buffer/enable" dev="sysfs" ino=12827 scontext=u:r:hal_sensors_default:s0 tcontext=u:object_r:sysfs_nvi2c:s0 tclass=file permissive=1
04-29 06:56:56.983   589  1383 D         : NvCameraTNR: --
04-29 06:56:57.015   199   199 I auditd  : type=1400 audit(0.0:257): avc: denied { read } for comm="sensors@1.0-ser" name="enable" dev="sysfs" ino=12827 scontext=u:r:hal_sensors_default:s0 tcontext=u:object_r:sysfs_nvi2c:s0 tclass=file permissive=1
04-29 06:56:57.015   199   199 I sensors@1.0-ser: type=1400 audit(0.0:257): avc: denied { read } for name="enable" dev="sysfs" ino=12827 scontext=u:r:hal_sensors_default:s0 tcontext=u:object_r:sysfs_nvi2c:s0 tclass=file permissive=1
04-29 06:56:57.017   199   199 D SensorHAL: lsm6db0_accel: power-on.
04-29 06:56:57.106   589  1383 D NvOsDebugPrintf: NvOdmImagerGetLayout: PCL layout not detected - 2
04-29 06:56:57.110   589  2761 D CameraWrapper: NvOdmImagerGetLayout: PCL layout not detected - 2
04-29 06:56:57.117     0     0 I         : ardbeg_ad5823_power_on
04-29 06:56:57.123   589  1383 D NvOsDebugPrintf: NvOdmImagerGetLayout: PCL layout not detected - 2
04-29 06:56:57.125   589  2761 D CameraWrapper: NvOdmImagerGetLayout: PCL layout not detected - 2
04-29 06:56:57.126   589  1383 D NvOsDebugPrintf: NvPclStateControllerOpen: device detection on this platform is not supported
04-29 06:56:57.126   589  2761 D CameraWrapper: NvPclStateControllerOpen: device detection on this platform is not supported
04-29 06:56:57.127   589  1383 D NvOsDebugPrintf: NvOdmImagerGetLayout: PCL layout not detected - 2
04-29 06:56:57.128   589  2761 D CameraWrapper: NvOdmImagerGetLayout: PCL layout not detected - 2
04-29 06:56:57.128   589  1383 D NvOsDebugPrintf: NvPclStateControllerOpen: attempting to use backup default module list
04-29 06:56:57.129   589  2761 D CameraWrapper: NvPclStateControllerOpen: attempting to use backup default module list
04-29 06:56:57.130     0     0 I         : ardbeg_imx179_power_on
04-29 06:56:57.146     0     0 I         : ardbeg_imx179_power_on finished
04-29 06:56:57.146     0     0 I         : imx179_get_sensor_id
04-29 06:56:57.252   589  1383 D NvOsDebugPrintf: Get otp vendor 0x0, size: 1
04-29 06:56:57.252     0     0 I         : imx179 module vendor ID: 0x08 06
04-29 06:56:57.252   589  2761 D CameraWrapper: Get otp vendor 0x0, size: 1
04-29 06:56:57.289   589  1383 D NvOsDebugPrintf: NvCameraIspInitialize: disable3A=0x0
04-29 06:56:57.289   589  2761 D CameraWrapper: NvCameraIspInitialize: disable3A=0x0
04-29 06:56:57.302   589  1383 D NvOsDebugPrintf: LSC: LSC surface is not based on full res!
04-29 06:56:57.302   589  2761 D CameraWrapper: LSC: LSC surface is not based on full res!
04-29 06:56:57.312   589  1383 D NvOsDebugPrintf: -- NvIspAFinit -- min 176, max 544
04-29 06:56:57.312   589  2761 D CameraWrapper: -- NvIspAFinit -- min 176, max 544
04-29 06:56:57.313   589  1383 D NvOsDebugPrintf: NvIspSetStats: WARNING: FM can't be enabled because AP is not enabled!!
04-29 06:56:57.313   589  2761 D CameraWrapper: NvIspSetStats: WARNING: FM can't be enabled because AP is not enabled!!
04-29 06:56:57.322   589  1383 V Camera3Wrapper: camera3_device_open: got vendor camera device 0xB32A5480
04-29 06:56:57.322   589  1383 V Camera3Wrapper: camera3_initialize->B32A5430->B32A5480
04-29 06:56:57.325   589  1383 E Camera2-Parameters: buildFastInfo: Unknown override AE mode: 0
04-29 06:56:57.325   589  1383 E Camera2-Parameters: buildFastInfo: Camera 0: Scene mode override lists asks for fixed focus on a device with focuser but not calibrated for infinity focus
04-29 06:56:57.325   589  1383 E Camera2Client: initializeImpl: Camera 0: unable to build defaults: No such device (-19)
04-29 06:56:57.325   589  1383 E CameraService: connectHelper: Could not initialize client from HAL.
04-29 06:56:57.325   589  1383 I Camera2Client: Camera 0: Closed
04-29 06:56:57.325   589  1383 I Camera3-Device: disconnect: E
04-29 06:56:57.325   589  1383 V Camera3Wrapper: camera3_device_close
04-29 06:56:57.325   589  2776 D NvOsDebugPrintf: NvCamScaler_OutputThread-- (error 0x0)
04-29 06:56:57.326   589  2761 D CameraWrapper: NvCamScaler_OutputThread-- (error 0x0)
04-29 06:56:57.342     0     0 I         : ardbeg_imx179_power_off finished
04-29 06:56:57.347     0     0 I         : ardbeg_ad5823_power_off
04-29 06:56:57.390   199   695 E SensorHAL: Failed to save calibration data.
04-29 06:56:57.423     0     0 W tegra-i2c tegra12-i2c.0: no acknowledge from address 0x8
04-29 06:56:57.424   199   695 D SensorHAL: lsm6db0_accel: power-off.
04-29 06:56:57.427   589  1383 D         : ~NvCameraTNR: ++
04-29 06:56:57.427   589  1383 D         : Release: ++
04-29 06:56:57.492   589  1383 D         : Release: --
04-29 06:56:57.493   589  1383 D         : ~NvCameraTNR: --
04-29 06:56:57.499   589  1383 I Camera3-Device: disconnect: X
04-29 06:56:57.499   589  1383 I Camera3-Device: disconnect: E
04-29 06:56:57.537   589  1383 I CameraService: disconnect: Disconnected client for camera 0 for PID 2725
04-29 06:56:57.537   589  1383 I Camera2ClientBase: Closed Camera 0. Client was: com.android.camera2 (PID 2725, UID 10014)
04-29 06:56:57.537   589  1383 D NuPlayerDriver: reset(0xb32a7e00) at state 4
04-29 06:56:57.538   589  1383 D NuPlayerDriver: updateMetrics(0xb32a7e00) from reset at state 4
04-29 06:56:57.538   589  1383 D NuPlayerDriver: notifyListener_l(0xb32a7e00), (8, 0, 0, -1), loop setting(0, 0)
04-29 06:56:57.538   589  2754 D NuPlayerDriver: notifyResetComplete(0xb32a7e00)
04-29 06:56:57.538   589  1383 D NuPlayerDriver: updateMetrics(0xb32a7e00) from destructor at state 0
04-29 06:56:57.538   589  1383 D NuPlayerDriver: reset(0xb32a78c0) at state 4
04-29 06:56:57.538   589  1383 D NuPlayerDriver: updateMetrics(0xb32a78c0) from reset at state 4
04-29 06:56:57.538   589  1383 D NuPlayerDriver: notifyListener_l(0xb32a78c0), (8, 0, 0, -1), loop setting(0, 0)
04-29 06:56:57.539   589  2756 D NuPlayerDriver: notifyResetComplete(0xb32a78c0)
04-29 06:56:57.539   589  1383 D NuPlayerDriver: updateMetrics(0xb32a78c0) from destructor at state 0
04-29 06:56:57.539   589  1383 D NuPlayerDriver: reset(0xb32a8490) at state 4
04-29 06:56:57.539   589  1383 D NuPlayerDriver: updateMetrics(0xb32a8490) from reset at state 4
04-29 06:56:57.539   589  1383 D NuPlayerDriver: notifyListener_l(0xb32a8490), (8, 0, 0, -1), loop setting(0, 0)
04-29 06:56:57.539   589  2758 D NuPlayerDriver: notifyResetComplete(0xb32a8490)
04-29 06:56:57.539   589  1383 D NuPlayerDriver: updateMetrics(0xb32a8490) from destructor at state 0
04-29 06:56:57.540  2725  2725 W CameraBase: An error occurred while connecting to camera 0: Status(-8): '10: connectHelper:1405: Failed to initialize camera "0": No such device (-19)'
04-29 06:56:57.541   589   685 I CameraService: CameraService::connect call (PID -1 "com.android.camera2", camera ID 1) for HAL version default and Camera API version 1
04-29 06:56:57.542   589   685 D NuPlayerDriver: NuPlayerDriver(0xb32a7a80) created, clientPid(2725)
04-29 06:56:57.549   589  2788 D NuPlayerDriver: notifyListener_l(0xb32a7a80), (1, 0, 0, -1), loop setting(0, 0)
04-29 06:56:57.549   589   685 D NuPlayerDriver: NuPlayerDriver(0xb32a8500) created, clientPid(2725)
04-29 06:56:57.553   589  2790 D NuPlayerDriver: notifyListener_l(0xb32a8500), (1, 0, 0, -1), loop setting(0, 0)
04-29 06:56:57.554   589   685 D NuPlayerDriver: NuPlayerDriver(0xb32a81f0) created, clientPid(2725)
04-29 06:56:57.557   589  2792 D NuPlayerDriver: notifyListener_l(0xb32a81f0), (1, 0, 0, -1), loop setting(0, 0)
04-29 06:56:57.557   589   685 I Camera2ClientBase: Camera 1: Opened. Client: com.android.camera2 (PID 2725, UID 10014)
04-29 06:56:57.559   589   685 V CameraWrapper: check_vendor_module
04-29 06:56:57.559   589   685 V Camera3Wrapper: camera3_device_open
04-29 06:56:57.559   589   685 V Camera3Wrapper: check_vendor_module
04-29 06:56:57.559   589   685 D         : NvCameraTNR: ++
04-29 06:56:57.561   589   685 D         : NvCameraTNR: --
04-29 06:56:57.594   199   695 D SensorHAL: lsm6db0_accel: power-on.
04-29 06:56:57.658   589   685 D NvOsDebugPrintf: NvOdmImagerGetLayout: PCL layout not detected - 2
04-29 06:56:57.658   589  2795 D CameraWrapper: NvOdmImagerGetLayout: PCL layout not detected - 2
04-29 06:56:57.658   589   685 D NvOsDebugPrintf: NvOdmImagerGetLayout: PCL layout not detected - 2
04-29 06:56:57.658   589   685 D NvOsDebugPrintf: NvPclStateControllerOpen: device detection on this platform is not supported
04-29 06:56:57.658   589  2795 D CameraWrapper: NvOdmImagerGetLayout: PCL layout not detected - 2
04-29 06:56:57.658   589  2795 D CameraWrapper: NvPclStateControllerOpen: device detection on this platform is not supported
04-29 06:56:57.658   589   685 D NvOsDebugPrintf: NvOdmImagerGetLayout: PCL layout not detected - 2
04-29 06:56:57.658   589   685 D NvOsDebugPrintf: NvPclStateControllerOpen: attempting to use backup default module list
04-29 06:56:57.658   589  2795 D CameraWrapper: NvOdmImagerGetLayout: PCL layout not detected - 2
04-29 06:56:57.659   589  2795 D CameraWrapper: NvPclStateControllerOpen: attempting to use backup default module list
04-29 06:56:57.659     0     0 I         : ardbeg_ov5693_power_on
04-29 06:56:57.662     0     0 I         : ardbeg_ov5693_power_on finished
04-29 06:56:57.777   589   685 D NvOsDebugPrintf: NvCameraIspInitialize: disable3A=0x0
04-29 06:56:57.777   589  2795 D CameraWrapper: NvCameraIspInitialize: disable3A=0x0
04-29 06:56:57.783   589   685 D NvOsDebugPrintf: -- NvIspAFinit -- min 0, max 0
04-29 06:56:57.783   589   685 D NvOsDebugPrintf: NvIspSetStats: WARNING: FM can't be enabled because AP is not enabled!!
04-29 06:56:57.783   589  2795 D CameraWrapper: -- NvIspAFinit -- min 0, max 0
04-29 06:56:57.783   589  2795 D CameraWrapper: NvIspSetStats: WARNING: FM can't be enabled because AP is not enabled!!
04-29 06:56:57.785   589   685 V Camera3Wrapper: camera3_device_open: got vendor camera device 0xB32A56B0
04-29 06:56:57.785   589   685 V Camera3Wrapper: camera3_initialize->B32A5610->B32A56B0
04-29 06:56:57.786   589   685 E Camera2-Parameters: buildFastInfo: Unknown override AE mode: 0
04-29 06:56:57.787   589   685 E Camera2-Parameters: Malformed static metadata entry 'android.control.maxRegions' (1001c):Expected between 3 and 3 values, but got 1 values
04-29 06:56:57.787   589   685 E Camera2Client: initializeImpl: Camera 1: unable to build defaults: No such device (-19)
04-29 06:56:57.787   589   685 E CameraService: connectHelper: Could not initialize client from HAL.
04-29 06:56:57.787   589   685 I Camera2Client: Camera 1: Closed
04-29 06:56:57.787   589   685 I Camera3-Device: disconnect: E
04-29 06:56:57.787   589   685 V Camera3Wrapper: camera3_device_close
04-29 06:56:57.787   589  2811 D NvOsDebugPrintf: NvCamScaler_OutputThread-- (error 0x0)
04-29 06:56:57.787   589  2795 D CameraWrapper: NvCamScaler_OutputThread-- (error 0x0)
04-29 06:56:57.795     0     0 I         : ardbeg_ov5693_power_off
04-29 06:56:57.796     0     0 I         : ardbeg_ov5693_power_off finished
04-29 06:56:57.837   199   199 E SensorHAL: Failed to save calibration data.
04-29 06:56:57.870   199   199 D SensorHAL: lsm6db0_accel: power-off.
04-29 06:56:57.870   589   685 D         : ~NvCameraTNR: ++
04-29 06:56:57.870   589   685 D         : Release: ++
04-29 06:56:57.872   589   685 D         : Release: --
04-29 06:56:57.872   589   685 D         : ~NvCameraTNR: --
04-29 06:56:57.872   589   685 I Camera3-Device: disconnect: X
04-29 06:56:57.872   589   685 I Camera3-Device: disconnect: E
04-29 06:56:57.873   589   685 I CameraService: disconnect: Disconnected client for camera 1 for PID 2725
04-29 06:56:57.873   589   685 I Camera2ClientBase: Closed Camera 1. Client was: com.android.camera2 (PID 2725, UID 10014)
04-29 06:56:57.873   589   685 D NuPlayerDriver: reset(0xb32a7a80) at state 4
04-29 06:56:57.873   589   685 D NuPlayerDriver: updateMetrics(0xb32a7a80) from reset at state 4
04-29 06:56:57.873   589   685 D NuPlayerDriver: notifyListener_l(0xb32a7a80), (8, 0, 0, -1), loop setting(0, 0)
04-29 06:56:57.874   589  2788 D NuPlayerDriver: notifyResetComplete(0xb32a7a80)
04-29 06:56:57.874   589   685 D NuPlayerDriver: updateMetrics(0xb32a7a80) from destructor at state 0
04-29 06:56:57.874   589   685 D NuPlayerDriver: reset(0xb32a8500) at state 4
04-29 06:56:57.874   589   685 D NuPlayerDriver: updateMetrics(0xb32a8500) from reset at state 4
04-29 06:56:57.874   589   685 D NuPlayerDriver: notifyListener_l(0xb32a8500), (8, 0, 0, -1), loop setting(0, 0)
04-29 06:56:57.874   589  2790 D NuPlayerDriver: notifyResetComplete(0xb32a8500)
04-29 06:56:57.874   589   685 D NuPlayerDriver: updateMetrics(0xb32a8500) from destructor at state 0
04-29 06:56:57.874   589   685 D NuPlayerDriver: reset(0xb32a81f0) at state 4
04-29 06:56:57.875   589   685 D NuPlayerDriver: updateMetrics(0xb32a81f0) from reset at state 4
04-29 06:56:57.875   589   685 D NuPlayerDriver: notifyListener_l(0xb32a81f0), (8, 0, 0, -1), loop setting(0, 0)
04-29 06:56:57.875   589  2792 D NuPlayerDriver: notifyResetComplete(0xb32a81f0)
04-29 06:56:57.875   589   685 D NuPlayerDriver: updateMetrics(0xb32a81f0) from destructor at state 0
04-29 06:56:57.875  2725  2725 W CameraBase: An error occurred while connecting to camera 1: Status(-8): '10: connectHelper:1405: Failed to initialize camera "1": No such device (-19)'
04-29 06:56:57.877  2725  2725 I CAM_Profiler: [1132.264ms][ui] GUARD: CameraActivity.onCreateTasks - [916.052ms] computePictureSizes
04-29 06:56:57.918  2725  2725 W CAM_Log : Tag RoundedThumbnailView is 1 chars longer than limit.
04-29 06:56:57.992   479   719 I sysui_histogram: [power_consecutive_short_tap_count,1]
04-29 06:56:57.992   479   719 I sysui_multi_action: [757,804,799,power_consecutive_short_tap_count,801,1,802,1]
04-29 06:56:57.992   479   719 I sysui_histogram: [power_double_tap_interval,121653]
04-29 06:56:57.992   479   719 I sysui_multi_action: [757,804,799,power_double_tap_interval,801,121653,802,1]
04-29 06:56:57.992   479   719 I PowerManagerService: Waking up from dozing (uid=1000 reason=android.policy:POWER)...
04-29 06:56:57.993   479   479 I screen_toggled: 1
04-29 06:56:57.993   479   479 I power_screen_broadcast_send: 1
04-29 06:56:57.993   198   198 I android.hardware.power@1.0-service.mocha: power_set_interactive
04-29 06:56:57.993   479   551 I DisplayPowerController: Blocking screen on until initial contents have been drawn.
04-29 06:56:57.994   479   551 E SensorManager: sensor or listener is null
04-29 06:56:57.994   479   549 I DisplayManagerService: Display device changed state: "Built-in Screen", ON
04-29 06:56:57.998   205   205 D SurfaceFlinger: Set power mode=2, type=0 flinger=0xb16d3000
04-29 06:56:57.998   205   205 D hwcomposer: hwc_blank: display 0: unblank
04-29 06:56:57.998   205   205 D hwcomposer: hwc_blank_display: display 0: [1 -> 0]
04-29 06:56:57.998   205   205 D hwcomposer: Display 0 layer clip is 1536 x 2048
04-29 06:56:57.998   205   205 D hwcomposer: Display 0 device clip is 1536 x 2048
04-29 06:56:57.998   205   205 D hwcomposer: dc_blank: display 0, [1 -> 0]
04-29 06:56:57.999   272   336 W tinyhal : adev_set_parameters 'screen_state=on'
04-29 06:56:57.999   479   719 I InputReader: Reconfiguring input devices.  changes=0x00000004
04-29 06:56:57.999     0     0 I panel   : tegra_fb_blank  FB_BLANK_UNBLANK  +++
04-29 06:56:57.999     0     0 I state_notifier: resume called.
04-29 06:56:57.999     0     0 W dynamic fsync: damn son, I'M ACTIVE-STATE#####
04-29 06:56:57.999     0     0 I state_notifier: resume completed.
--------- beginning of radio
04-29 06:56:58.002  1242  1242 D DCT     : [0]screen on
04-29 06:56:58.002  1242  1242 D DCT     : [0]stopNetStatPoll
04-29 06:56:58.023  2725  2725 I CAM_Profiler: [1277.852ms][ui] GUARD: CameraActivity.onCreateTasks - [142.151ms] setContentView()
04-29 06:56:58.029   479  1957 I sysui_view_visibility: [127,100]
04-29 06:56:58.029   479  1957 I sysui_multi_action: [757,127,758,1]
04-29 06:56:58.029   479  1957 I sysui_histogram: [note_load,3]
04-29 06:56:58.029   479  1957 I sysui_multi_action: [757,804,799,note_load,801,3,802,1]
04-29 06:56:58.029   479  1957 I notification_panel_revealed: 3
04-29 06:56:58.030  1183  1183 D StatusBar: disable<e i A s b H R c S q >
04-29 06:56:58.037     0     0 W dhd_set_suspend: Remove extra suspend setting
04-29 06:56:58.041  1183  1183 I chatty  : uid=10027(com.android.systemui) identical 2 lines
04-29 06:56:58.041  1183  1183 D StatusBar: disable<e i A s b H R c S q >
04-29 06:56:58.051     0     0 I panel   : dsi_s_wqxga_7_9_enable
04-29 06:56:58.062  2725  2725 I CAM_Profiler: [1316.856ms][ui] GUARD: CameraActivity.onCreateTasks - [39.004ms] Configure Camera UI
04-29 06:56:58.080  2725  2725 V CAM_CameraController: Closing camera
04-29 06:56:58.081  2725  2744 W CAM2PORT_AndCamAgntImp: Releasing camera without any camera opened.
04-29 06:56:58.081  2725  2725 V CAM_ModulesInfo: EnableCaptureModule = true
04-29 06:56:58.088  2725  2725 V CAM_Profiler: [  0.000ms][ui] GUARD: new CaptureModule - START
04-29 06:56:58.091  2725  2725 V CAM_Profiler: [  2.976ms][ui] GUARD: new CaptureModule - STOP
04-29 06:56:58.091  2725  2725 V CAM_SettingsManager: listeners: [com.android.camera.CameraActivity@21cba2, com.android.camera.app.CameraAppUI@49d01c7]
04-29 06:56:58.091     0     0 I tegradc.0: nominal-pclk:6666000 parent:9937500 div:1.5 pclk:6625000 6599340~7265940
04-29 06:56:58.101   199   695 D SensorHAL: lsm6db0_accel: power-on.
04-29 06:56:58.102  2725  2725 V CAM_SettingsManager: listeners: [com.android.camera.CameraActivity@21cba2, com.android.camera.app.CameraAppUI@49d01c7, com.android.camera.ButtonManager@abafb60]
04-29 06:56:58.103  2725  2725 V CAM_SettingsManager: listeners: [com.android.camera.CameraActivity@21cba2, com.android.camera.app.CameraAppUI@49d01c7, com.android.camera.ButtonManager@abafb60, com.android.camera.widget.IndicatorIconController@884f0de]
04-29 06:56:58.103  2725  2725 V CAM_Profiler: [1358.200ms][ui] GUARD: CameraActivity.onCreateTasks - [12.340ms] Init Current Module UI
04-29 06:56:58.104  2725  2725 V CAM_Profiler: [  0.000ms][ui] GUARD: CaptureModule.init - START
04-29 06:56:58.104  2725  2725 D CAM_CaptureModule: init UseAutotransformUiLayout = false
04-29 06:56:58.106  2725  2725 D CAM_Camera2OneCamMgr: Getting First BACK Camera
04-29 06:56:58.115  2725  2725 W SoundPool: Use of stream types is deprecated for operations other than volume control
04-29 06:56:58.115  2725  2725 W SoundPool: See the documentation of SoundPool() for what to use instead with android.media.AudioAttributes to qualify your playback use case
04-29 06:56:58.115  2725  2827 V NuMediaExtractor: setDataSource fd=47 (/system/priv-app/Camera2/Camera2.apk), offset=6834592, length=19122
04-29 06:56:58.118  2725  2823 V NuMediaExtractor: setDataSource fd=51 (/system/media/audio/ui/camera_click.ogg), offset=0, length=5951
04-29 06:56:58.119  2725  2725 I CAM_Profiler: [ 15.037ms][ui] GUARD: CaptureModule.init - STOP
04-29 06:56:58.119  2725  2725 I CAM_Profiler: [1373.841ms][ui] GUARD: CameraActivity.onCreateTasks - [15.641ms] Init CurrentModule
04-29 06:56:58.120  2725  2827 V NuMediaExtractor: track of type 'audio/vorbis' does not publish bitrate
04-29 06:56:58.122  2725  2823 V NuMediaExtractor: track of type 'audio/vorbis' does not publish bitrate
04-29 06:56:58.122   283  1459 I OMXMaster: makeComponentInstance(OMX.google.vorbis.decoder) in android.hardwar process
04-29 06:56:58.122  2725  2725 V NFC     : this device does not have NFC support
04-29 06:56:58.124   283   303 I OMXMaster: makeComponentInstance(OMX.google.vorbis.decoder) in android.hardwar process
04-29 06:56:58.133   479   551 I DisplayPowerController: Unblocked screen on after 139 ms
04-29 06:56:58.133  2725  2725 I CAM_Profiler: [1387.881ms][ui] GUARD: CameraActivity.onCreateTasks - STOP
04-29 06:56:58.133  2725  2725 V CAM_QuickActivity: END onCreate: Activity = com.android.camera.CameraActivity@21cba2
04-29 06:56:58.134  2725  2725 V CAM_QuickActivity: START onStart: Activity = com.android.camera.CameraActivity@21cba2
04-29 06:56:58.135  2725  2836 D CAM_Storage: External storage state=mounted
04-29 06:56:58.137  2725  2725 V CAM_QuickActivity: END onStart: Activity = com.android.camera.CameraActivity@21cba2
04-29 06:56:58.139  2725  2725 V CAM_QuickActivity: START onResume: Activity = com.android.camera.CameraActivity@21cba2
04-29 06:56:58.140  2725  2725 V CAM_QuickActivity: onResume(): isKeyguardLocked() = true
04-29 06:56:58.140  2725  2725 V CAM_QuickActivity: onResume() --> postDelayed(mOnResumeTasks,15)
04-29 06:56:58.141  2725  2725 V CAM_QuickActivity: END onResume: Activity = com.android.camera.CameraActivity@21cba2
04-29 06:56:58.141  2725  2725 I am_on_resume_called: [0,com.android.camera.CameraActivity,LAUNCH_ACTIVITY]
04-29 06:56:58.147  2725  2838 D OpenGLRenderer: HWUI GL Pipeline
04-29 06:56:58.150   479  1291 E WindowManager: App trying to use insecure INPUT_FEATURE_NO_INPUT_CHANNEL flag. Ignoring
04-29 06:56:58.152  2725  2725 V CAM_QuickActivity: START onPause: Activity = com.android.camera.CameraActivity@21cba2
04-29 06:56:58.152  2725  2725 V CAM_QuickActivity: END onPause: Activity = com.android.camera.CameraActivity@21cba2
04-29 06:56:58.152  2725  2725 I am_on_paused_called: [0,com.android.camera.CameraActivity,handlePauseActivity]
04-29 06:56:58.152   479  1207 I am_failed_to_pause: [0,123750933,com.android.camera2/com.android.camera.CameraActivity,(none)]
04-29 06:56:58.154  2725  2725 V CAM_QuickActivity: START onStop: Activity = com.android.camera.CameraActivity@21cba2
04-29 06:56:58.154  2725  2725 D CAM_LcyLocProvider: disconnect
04-29 06:56:58.154  2725  2725 V CAM_QuickActivity: END onStop: Activity = com.android.camera.CameraActivity@21cba2
04-29 06:56:58.154  2725  2725 I am_on_stop_called: [0,com.android.camera.CameraActivity,handleStopActivity]
04-29 06:56:58.154  2725  2725 V CAM_CameraActivity: ignoring storage callback after activity pause
04-29 06:56:58.183   479  1207 I am_uid_active: 10009
04-29 06:56:58.186     0     0 I tegradc.0: DSI pad calibration done
04-29 06:56:58.186     0     0 I tegradc.0: DSI pad calibration done
04-29 06:56:58.193  2725  2835 V CAM_CameraDataAdapter: retrieved photo metadata, number of items: 0
04-29 06:56:58.193  2725  2835 V CAM_CameraDataAdapter: retrieved video metadata, number of items: 0
04-29 06:56:58.193  2725  2835 V CAM_CameraDataAdapter: sorting video/photo metadata
04-29 06:56:58.193  2725  2835 V CAM_CameraDataAdapter: sorted video/photo metadata
04-29 06:56:58.197  2725  2725 V CAM_CameraDataAdapter: new photos query return num items: 0
04-29 06:56:58.216   479   479 I auditd  : type=1400 audit(0.0:258): avc: denied { read } for comm="Binder:479_4" name="nvmap" dev="debugfs" ino=5388 scontext=u:r:system_server:s0 tcontext=u:object_r:debugfs_nvmap:s0 tclass=dir permissive=1
04-29 06:56:58.216   479   479 I Binder:479_4: type=1400 audit(0.0:258): avc: denied { read } for name="nvmap" dev="debugfs" ino=5388 scontext=u:r:system_server:s0 tcontext=u:object_r:debugfs_nvmap:s0 tclass=dir permissive=1
04-29 06:56:58.216   479   479 I auditd  : type=1400 audit(0.0:259): avc: denied { open } for comm="Binder:479_4" path="/sys/kernel/debug/nvmap" dev="debugfs" ino=5388 scontext=u:r:system_server:s0 tcontext=u:object_r:debugfs_nvmap:s0 tclass=dir permissive=1
04-29 06:56:58.216   479   479 I Binder:479_4: type=1400 audit(0.0:259): avc: denied { open } for path="/sys/kernel/debug/nvmap" dev="debugfs" ino=5388 scontext=u:r:system_server:s0 tcontext=u:object_r:debugfs_nvmap:s0 tclass=dir permissive=1
04-29 06:56:58.231  2725  2834 D CAM_MemoryQuery: timestamp=265144, availMem=904, totalMem=1935, totalPSS=12, lastTrimLevel=0, largeMemoryClass=512, nativePSS=4, dalvikPSS=2, otherPSS=5,threshold=144, lowMemory=false
04-29 06:56:58.330     0     0 I panel   : tegra_fb_blank  FB_BLANK_UNBLANK  +++ return!
04-29 06:56:58.334   479  1151 D SurfaceControl: Excessive delay in setPowerMode()
04-29 06:56:58.334   479   551 I sysui_multi_action: [757,198,758,1,759,0,793,344]
04-29 06:56:58.334   479   551 I power_screen_state: [1,0,0,0,344]
04-29 06:56:58.334   479   551 W PowerManagerService: Screen on took 344 ms
04-29 06:56:58.335   479   551 I DreamManagerService: Gently waking up from dream.
04-29 06:56:58.336   479   547 I DreamManagerService: Performing gentle wake from dream.
04-29 06:56:58.339     0     0 W lp855x 0-002c: dump registers  0x01 -value- 0x82
04-29 06:56:58.340   479   494 I DreamManagerService: Leaving dreamland.
04-29 06:56:58.340   479   547 I DreamManagerService: Performing gentle wake from dream.
04-29 06:56:58.340   479   547 I DreamController: Stopping dream: name=ComponentInfo{com.android.systemui/com.android.systemui.doze.DozeService}, isTest=false, canDoze=true, userId=0
04-29 06:56:58.340   479   547 I sysui_view_visibility: [223,0]
04-29 06:56:58.341   479   547 I sysui_multi_action: [757,223,758,2]
04-29 06:56:58.341   479   547 I sysui_histogram: [dozing_minutes,0]
04-29 06:56:58.341   479   547 I sysui_multi_action: [757,804,799,dozing_minutes,801,0,802,1]
04-29 06:56:58.343   479   479 I power_screen_broadcast_done: [1,351,1]
04-29 06:56:59.403   479  1209 I sysui_multi_action: [757,128,758,1,793,235787,794,0,795,235787,796,26,798,1,806,android,857,DEVELOPER,858,2,947,0]
04-29 06:56:59.404   479  1209 I sysui_histogram: [note_freshness,235787]
04-29 06:56:59.404   479  1209 I sysui_multi_action: [757,804,799,note_freshness,801,235787,802,1]
04-29 06:56:59.404   479  1209 I notification_visibility: [-1|android|26|null|1000,1,235787,235787,0,1]
04-29 06:56:59.404   479  1209 I sysui_multi_action: [757,128,758,1,793,236248,794,0,795,236248,796,89,798,0,806,android,857,TrustInterface,858,4,947,0]
04-29 06:56:59.404   479  1209 I sysui_histogram: [note_freshness,236248]
04-29 06:56:59.404   479  1209 I sysui_multi_action: [757,804,799,note_freshness,801,236248,802,1]
04-29 06:56:59.404   479  1209 I notification_visibility: [0|android|89|null|1000,1,236248,236248,0,0]
04-29 06:56:59.442  1183  1183 I sysui_multi_action: [757,186,758,4,826,246,827,6099]
04-29 06:56:59.443  1183  1183 I sysui_lockscreen_gesture: [1,246,6099]
04-29 06:56:59.532   479  1282 I sysui_multi_action: [757,128,758,2,793,235915,794,128,795,235915,796,26,798,1,806,android,857,DEVELOPER,858,2,947,0]
04-29 06:56:59.532   479  1282 I notification_visibility: [-1|android|26|null|1000,0,235915,235915,0,1]
04-29 06:56:59.532   479  1282 I sysui_multi_action: [757,128,758,2,793,236376,794,128,795,236376,796,89,798,0,806,android,857,TrustInterface,858,4,947,0]
04-29 06:56:59.532   479  1282 I notification_visibility: [0|android|89|null|1000,0,236376,236376,0,0]
04-29 06:56:59.533   479  1291 I sysui_view_visibility: [127,0]
04-29 06:56:59.533   479  1291 I sysui_multi_action: [757,127,758,2]
04-29 06:56:59.533   479  1291 I notification_panel_hidden: 
04-29 06:56:59.536   479  1282 I am_set_resumed_activity: [0,com.android.camera2/com.android.camera.CameraActivity,resumeTopActivityInnerLocked]
04-29 06:56:59.538   479  1282 I am_resume_activity: [0,123750933,12,com.android.camera2/com.android.camera.CameraActivity]
04-29 06:56:59.543  1183  1183 D StatusBar: disable<e i A s b H R c S q >
04-29 06:56:59.543   479   719 I InputReader: Reconfiguring input devices.  changes=0x00000004
04-29 06:56:59.548  2725  2725 V CAM_QuickActivity: START onRestart: Activity = com.android.camera.CameraActivity@21cba2
04-29 06:56:59.548  2725  2725 V CAM_QuickActivity: END onRestart: Activity = com.android.camera.CameraActivity@21cba2
04-29 06:56:59.548  2725  2725 V CAM_QuickActivity: START onStart: Activity = com.android.camera.CameraActivity@21cba2
04-29 06:56:59.549  2725  2725 V CAM_QuickActivity: END onStart: Activity = com.android.camera.CameraActivity@21cba2
04-29 06:56:59.549  2725  2725 V CAM_QuickActivity: START onResume: Activity = com.android.camera.CameraActivity@21cba2
04-29 06:56:59.550  2725  2725 V CAM_QuickActivity: onResume(): isKeyguardLocked() = true
04-29 06:56:59.550  2725  2725 V CAM_QuickActivity: onResume --> onResumeTasks()
04-29 06:56:59.552  2725  2725 V CAM_Profiler: [  0.000ms][ui] GUARD: CameraActivity.resume - START
04-29 06:56:59.552  2725  2725 V CAM_CameraActivity: Build info: lineage_mocha-eng 8.1.0 OPM7.181205.001 0ea1f19a3c test-keys
04-29 06:56:59.556  2725  2835 D CAM_Storage: External storage state=mounted
04-29 06:56:59.560  2725  2725 V CAM_Profiler: [  0.000ms][ui] GUARD: CaptureModule.resume - START
04-29 06:56:59.561  2725  2725 V CAM_Profiler: [  0.957ms][ui] GUARD: CaptureModule.resume - [ 0.042ms] getRemoteShutterListener.onModuleReady
04-29 06:56:59.563  2725  2827 V NuMediaExtractor: setDataSource fd=56 (/system/priv-app/Camera2/Camera2.apk), offset=6873096, length=7617
04-29 06:56:59.567  2725  2827 V NuMediaExtractor: track of type 'audio/vorbis' does not publish bitrate
04-29 06:56:59.569   283  1380 I OMXMaster: makeComponentInstance(OMX.google.vorbis.decoder) in android.hardwar process
04-29 06:56:59.597   199   695 D SensorHAL: lsm6db0_magn: power-on.
04-29 06:56:59.597  2725  2725 I CAM_Profiler: [ 37.249ms][ui] GUARD: CaptureModule.resume - [34.042ms] mHeadingSensor.activate()
04-29 06:56:59.598  2725  2725 I CAM_Profiler: [ 37.249ms][ui] GUARD: CaptureModule.resume - STOP
04-29 06:56:59.598  2725  2725 I CAM_Profiler: [ 46.330ms][ui] GUARD: CameraActivity.resume - [38.096ms] mCurrentModule.resume
04-29 06:56:59.599  2725  2725 V CAM_Profiler: [ 47.518ms][ui] GUARD: CameraActivity.resume - [ 0.023ms] mPanoramaViewHelper.onResume()
04-29 06:56:59.600  2725  2725 I CAM_Profiler: [ 47.913ms][ui] GUARD: CameraActivity.resume - STOP
04-29 06:56:59.600  2725  2725 V CAM_QuickActivity: END onResume: Activity = com.android.camera.CameraActivity@21cba2
04-29 06:56:59.600  2725  2725 I am_on_resume_called: [0,com.android.camera.CameraActivity,RESUME_ACTIVITY]
04-29 06:56:59.602  2725  2827 V NuMediaExtractor: setDataSource fd=62 (/system/priv-app/Camera2/Camera2.apk), offset=6880776, length=7755
04-29 06:56:59.606  2725  2827 V NuMediaExtractor: track of type 'audio/vorbis' does not publish bitrate
04-29 06:56:59.610   283  1459 I OMXMaster: makeComponentInstance(OMX.google.vorbis.decoder) in android.hardwar process
04-29 06:56:59.630  2725  2725 V CAM_TexViewHelper: onLayoutChange
04-29 06:56:59.631  2725  2725 V CAM_TexViewHelper: updateTransform
04-29 06:56:59.632  2725  2725 V CAM_TexViewHelper: setAspectRatio: 0.0
04-29 06:56:59.632  2725  2725 D CAM_CaptureModule: updatePreviewTransform: 1536 x 2048
04-29 06:56:59.635  2725  2725 V CAM_TexViewHelper: setAspectRatio: NaN
04-29 06:56:59.635  2725  2725 V CAM_TexViewHelper: aspect ratio changed from: 0.0
04-29 06:56:59.642  2725  2725 V CAM_CameraActivity: ignoring storage callback after activity pause
04-29 06:56:59.643  2725  2725 V CAM_FocusController: configurePreviewDimensions(RectF(0.0, 0.0, 0.0, 0.0))
04-29 06:56:59.647     0     0 E gk20a.0 : unrecognized ioctl cmd: 0x8008486d
04-29 06:56:59.667  2725  2838 D vndksupport: Loading /vendor/lib/hw/gralloc.tegra.so from current namespace instead of sphal namespace.
04-29 06:56:59.671  2725  2838 I com.android.camera2: android::hardware::configstore::V1_0::ISurfaceFlingerConfigs::hasWideColorDisplay retrieved: 0
04-29 06:56:59.671  2725  2838 I OpenGLRenderer: Initialized EGL, version 1.4
04-29 06:56:59.671  2725  2838 D OpenGLRenderer: Swap behavior 2
04-29 06:56:59.732  2725  2838 I         : Loading GLESv2 implementation libGLESv2_tegra_impl
04-29 06:56:59.746  2725  2838 D vndksupport: Loading /vendor/lib/hw/android.hardware.graphics.mapper@2.0-impl.so from current namespace instead of sphal namespace.
04-29 06:56:59.748  2725  2838 D vndksupport: Loading /vendor/lib/hw/gralloc.tegra.so from current namespace instead of sphal namespace.
04-29 06:56:59.752  2725  2838 D vndksupport: Loading /vendor/lib/hw/gralloc.tegra.so from current namespace instead of sphal namespace.
04-29 06:56:59.763  2725  2725 V CAM_TexViewHelper: updateTransform
04-29 06:56:59.764  2725  2725 V CAM_CameraAppUI: SurfaceTexture is available
04-29 06:56:59.764  2725  2725 D CAM_CaptureModule: onSurfaceTextureAvailable
04-29 06:56:59.764  2725  2725 D CAM_CaptureModule: updatePreviewTransform: 1536 x 2048
04-29 06:56:59.765  2725  2725 V CAM_TexViewHelper: setAspectRatio: NaN
04-29 06:56:59.765  2725  2725 V CAM_TexViewHelper: aspect ratio changed from: NaN
04-29 06:56:59.766  2725  2725 I CAM_FocusRingView: Computing center via view bounds.
04-29 06:56:59.767  2725  2836 V CAM_Profiler: [  0.000ms] GUARD: CaptureModule.closeCamera() - START
04-29 06:56:59.767  2725  2836 V CAM_Profiler: [  0.473ms] GUARD: CaptureModule.closeCamera() - [ 0.473ms] mCameraOpenCloseLock.acquire()
04-29 06:56:59.767  2725  2836 V CAM_Profiler: [  0.761ms] GUARD: CaptureModule.closeCamera() - STOP
04-29 06:56:59.767  2725  2836 V CAM_Profiler: [  0.000ms] GUARD: CaptureModule.openCameraAndStartPreview() - START
04-29 06:56:59.768  2725  2836 V CAM_Profiler: [  0.207ms] GUARD: CaptureModule.openCameraAndStartPreview() - [ 0.207ms] Acquired mCameraOpenCloseLock
04-29 06:56:59.770  2725  2836 D CAM_Camera2OneCamMgr: Getting First BACK Camera
04-29 06:56:59.776  2725  2836 I CAM_OneCamera1Opnr: Opening Camera: CameraId{Api2='0',Api1:0}
04-29 06:56:59.776  2725  2836 V CAM_ActvCamDevTrckr: Tracking active camera: null
04-29 06:56:59.778  2725  2725 I auditd  : type=1400 audit(0.0:260): avc: denied { write } for comm="RenderThread" name="phsd.ctl" dev="mmcblk0p29" ino=98172 scontext=u:r:platform_app:s0:c512,c768 tcontext=u:object_r:system_data_file:s0 tclass=sock_file permissive=1
04-29 06:56:59.778  2725  2725 I RenderThread: type=1400 audit(0.0:260): avc: denied { write } for name="phsd.ctl" dev="mmcblk0p29" ino=98172 scontext=u:r:platform_app:s0:c512,c768 tcontext=u:object_r:system_data_file:s0 tclass=sock_file permissive=1
04-29 06:56:59.780   589  1383 I CameraService: CameraService::connect call (PID -1 "com.android.camera2", camera ID 0) for HAL version default and Camera API version 2
04-29 06:56:59.780   589  1383 I Camera2ClientBase: Camera 0: Opened. Client: com.android.camera2 (PID 2725, UID 10014)
04-29 06:56:59.781   589  1383 I CameraDeviceClient: CameraDeviceClient 0: Opened
04-29 06:56:59.782   589  1383 V CameraWrapper: check_vendor_module
04-29 06:56:59.782   589  1383 V Camera3Wrapper: camera3_device_open
04-29 06:56:59.782   589  1383 V Camera3Wrapper: check_vendor_module
04-29 06:56:59.783   589  1383 D         : NvCameraTNR: ++
04-29 06:56:59.784   589  1383 D         : NvCameraTNR: --
04-29 06:56:59.798  1183  1183 D StatusBar: disable<e i A s b H R c S q >
04-29 06:56:59.799  1183  1183 D StatusBar: disable<e i A s b H R c S q >
04-29 06:56:59.801   479   549 I am_activity_launch_time: [0,123750933,com.android.camera2/com.android.camera.CameraActivity,5179,5179]
04-29 06:56:59.801   479   549 I ActivityManager: Displayed com.android.camera2/com.android.camera.CameraActivity: +5s179ms
04-29 06:56:59.803  2725  2725 V CAM_FocusController: configurePreviewDimensions(RectF(NaN, NaN, NaN, NaN))
04-29 06:56:59.803  2725  2725 I CAM_FocusRingView: Computing center via view bounds.
04-29 06:56:59.803  2725  2725 V CAM_FocusController: configurePreviewDimensions(RectF(NaN, NaN, NaN, NaN))
04-29 06:56:59.803  2725  2725 I CAM_FocusRingView: Computing center via view bounds.
04-29 06:56:59.805  1183  1183 I sysui_view_visibility: [111,0]
04-29 06:56:59.805  1183  1183 I sysui_multi_action: [757,111,758,2]
04-29 06:56:59.808  2725  2725 V CAM_FocusController: configurePreviewDimensions(RectF(NaN, NaN, NaN, NaN))
04-29 06:56:59.809  2725  2725 I CAM_FocusRingView: Computing center via view bounds.
04-29 06:56:59.813  1183  1286 W AudioTrack: AUDIO_OUTPUT_FLAG_FAST denied, rates do not match 44100 Hz, require 48000 Hz
04-29 06:56:59.817  1183  1183 I sysui_multi_action: [757,196,758,2,759,0]
04-29 06:56:59.817  1183  1183 I sysui_status_bar_state: [0,0,0,0,0,1]
04-29 06:56:59.820   479  1957 I notification_expansion: [0|android|89|null|1000,0,1,236664,236664,416]
04-29 06:56:59.834   589  1383 D NvOsDebugPrintf: NvOdmImagerGetLayout: PCL layout not detected - 2
04-29 06:56:59.834   589  2848 D CameraWrapper: NvOdmImagerGetLayout: PCL layout not detected - 2
04-29 06:56:59.836   589  1383 D NvOsDebugPrintf: NvOdmImagerGetLayout: PCL layout not detected - 2
04-29 06:56:59.836   589  1383 D NvOsDebugPrintf: NvPclStateControllerOpen: device detection on this platform is not supported
04-29 06:56:59.836   589  1383 D NvOsDebugPrintf: NvOdmImagerGetLayout: PCL layout not detected - 2
04-29 06:56:59.836   589  1383 D NvOsDebugPrintf: NvPclStateControllerOpen: attempting to use backup default module list
04-29 06:56:59.836   589  2848 D CameraWrapper: NvOdmImagerGetLayout: PCL layout not detected - 2
04-29 06:56:59.836   589  2848 D CameraWrapper: NvPclStateControllerOpen: device detection on this platform is not supported
04-29 06:56:59.836   589  2848 D CameraWrapper: NvOdmImagerGetLayout: PCL layout not detected - 2
04-29 06:56:59.836   589  2848 D CameraWrapper: NvPclStateControllerOpen: attempting to use backup default module list
04-29 06:56:59.836     0     0 I         : ardbeg_ad5823_power_on
04-29 06:56:59.836     0     0 I         : ardbeg_imx179_power_on
04-29 06:56:59.839     0     0 I         : ardbeg_imx179_power_on finished
04-29 06:56:59.839     0     0 I         : imx179_get_sensor_id
04-29 06:56:59.850  1183  1183 D StatusBar: disable<e i A s b h!r!c S q >
04-29 06:56:59.945   589  1383 D NvOsDebugPrintf: Get otp vendor 0x0, size: 1
04-29 06:56:59.945     0     0 I         : imx179 module vendor ID: 0x08 06
04-29 06:56:59.946   589  2848 D CameraWrapper: Get otp vendor 0x0, size: 1
04-29 06:56:59.954   589  1383 D NvOsDebugPrintf: NvCameraIspInitialize: disable3A=0x0
04-29 06:56:59.954   589  2848 D CameraWrapper: NvCameraIspInitialize: disable3A=0x0
04-29 06:56:59.963   589  1383 D NvOsDebugPrintf: LSC: LSC surface is not based on full res!
04-29 06:56:59.964   589  2848 D CameraWrapper: LSC: LSC surface is not based on full res!
04-29 06:56:59.970   589  1383 D NvOsDebugPrintf: -- NvIspAFinit -- min 176, max 544
04-29 06:56:59.971   589  2848 D CameraWrapper: -- NvIspAFinit -- min 176, max 544
04-29 06:56:59.971   589  1383 D NvOsDebugPrintf: NvIspSetStats: WARNING: FM can't be enabled because AP is not enabled!!
04-29 06:56:59.971   589  2848 D CameraWrapper: NvIspSetStats: WARNING: FM can't be enabled because AP is not enabled!!
04-29 06:56:59.982   589  1383 V Camera3Wrapper: camera3_device_open: got vendor camera device 0xB32A59D0
04-29 06:56:59.982   589  1383 V Camera3Wrapper: camera3_initialize->B32A5890->B32A59D0
04-29 06:56:59.993  2725  2836 I CAM_Profiler: [223.231ms] GUARD: CaptureModule.openCameraAndStartPreview() - [223.024ms] mOneCameraOpener.open()
04-29 06:56:59.993  2725  2836 I CAM_Profiler: [223.231ms] GUARD: CaptureModule.openCameraAndStartPreview() - STOP
04-29 06:56:59.998  2725  2824 I CAM_OneCamCreator: Camera support level: ZSL
--------- beginning of crash
04-29 06:57:00.021  2725  2824 E AndroidRuntime: FATAL EXCEPTION: CaptureModule.mCameraHandler
04-29 06:57:00.021  2725  2824 E AndroidRuntime: Process: com.android.camera2, PID: 2725
04-29 06:57:00.021  2725  2824 E AndroidRuntime: java.lang.NullPointerException: Attempt to get length of null array
04-29 06:57:00.021  2725  2824 E AndroidRuntime: 	at com.android.camera.one.v2.OneCameraCharacteristicsImpl.getSupportedPictureSizes(OneCameraCharacteristicsImpl.java:72)
04-29 06:57:00.021  2725  2824 E AndroidRuntime: 	at com.android.camera.one.v2.common.PictureSizeCalculator.computeConfiguration(PictureSizeCalculator.java:147)
04-29 06:57:00.021  2725  2824 E AndroidRuntime: 	at com.android.camera.one.v2.OneCameraCreator.create(OneCameraCreator.java:110)
04-29 06:57:00.021  2725  2824 E AndroidRuntime: 	at com.android.camera.one.v2.Camera2OneCameraOpenerImpl$1.onOpened(Camera2OneCameraOpenerImpl.java:167)
04-29 06:57:00.021  2725  2824 E AndroidRuntime: 	at android.hardware.camera2.impl.CameraDeviceImpl$1.run(CameraDeviceImpl.java:139)
04-29 06:57:00.021  2725  2824 E AndroidRuntime: 	at android.os.Handler.handleCallback(Handler.java:790)
04-29 06:57:00.021  2725  2824 E AndroidRuntime: 	at android.os.Handler.dispatchMessage(Handler.java:99)
04-29 06:57:00.021  2725  2824 E AndroidRuntime: 	at android.os.Looper.loop(Looper.java:164)
04-29 06:57:00.021  2725  2824 E AndroidRuntime: 	at android.os.HandlerThread.run(HandlerThread.java:65)
04-29 06:57:00.024   479  1209 I am_crash: [2725,0,com.android.camera2,821607493,java.lang.NullPointerException,Attempt to get length of null array,OneCameraCharacteristicsImpl.java,72]
04-29 06:57:00.027   479  1209 W ActivityManager:   Force finishing activity com.android.camera2/com.android.camera.CameraActivity
04-29 06:57:00.029   479  1209 I am_finish_activity: [0,123750933,12,com.android.camera2/com.android.camera.CameraActivity,force-crash]
04-29 06:57:00.034   479  1209 I am_focused_stack: [0,0,1,finishActivity adjustFocus]
04-29 06:57:00.034   479  1209 I wm_task_moved: [8,1,0]
04-29 06:57:00.037   479  1209 I am_pause_activity: [0,123750933,com.android.camera2/com.android.camera.CameraActivity]
04-29 06:57:00.041  2725  2725 V CAM_QuickActivity: START onPause: Activity = com.android.camera.CameraActivity@21cba2
04-29 06:57:00.041  2725  2725 V CAM_QuickActivity: onPause --> onPauseTasks()
04-29 06:57:00.041  2725  2725 V CAM_Profiler: [  0.000ms][ui] GUARD: CameraActivity.onPause - START
04-29 06:57:00.043   479   520 I ActivityManager: Showing crash dialog for package com.android.camera2 u0
04-29 06:57:00.043   479   519 I sysui_count: [window_time_0,4]
04-29 06:57:00.044   479   519 I sysui_multi_action: [757,803,799,window_time_0,802,4]
04-29 06:57:00.044  2725  2725 D CAM_Camera2OneCamMgr: Getting First FRONT Camera
04-29 06:57:00.078   479  2100 I OpenGLRenderer: Initialized EGL, version 1.4
04-29 06:57:00.079   479  2100 D OpenGLRenderer: Swap behavior 2
04-29 06:57:00.086   199   695 E SensorHAL: Failed to save calibration data.
04-29 06:57:00.119   199   695 D SensorHAL: lsm6db0_magn: power-off.
04-29 06:57:00.120  2725  2725 V CAM_Profiler: [  0.000ms][ui] GUARD: CaptureModule.closeCamera() - START
04-29 06:57:00.540   479   519 W ActivityManager: Activity pause timeout for ActivityRecord{7604a15 u0 com.android.camera2/com.android.camera.CameraActivity t12 f}
04-29 06:57:00.556   479   519 I am_set_resumed_activity: [0,org.lineageos.trebuchet/com.android.launcher3.searchlauncher.SearchLauncher,resumeTopActivityInnerLocked]
04-29 06:57:00.558   479   519 I am_resume_activity: [0,70890450,8,org.lineageos.trebuchet/com.android.launcher3.searchlauncher.SearchLauncher]
04-29 06:57:00.598   479   520 I dvm_lock_sample: [system_server,1,android.ui,41,ActivityManagerService.java,4429,void com.android.server.am.ActivityManagerService.dispatchUidsChanged(),ActivityStack.java,392,void com.android.server.am.ActivityStack$ActivityStackHandler.handleMessage(android.os.Message),8]
04-29 06:57:00.599   479   519 I sysui_count: [window_time_0,0]
04-29 06:57:00.599   479   519 I sysui_multi_action: [757,803,799,window_time_0,802,0]
04-29 06:57:00.605   479   494 W ActivityManager: Unable to start service Intent { act=com.android.launcher3.WINDOW_OVERLAY dat=app://org.lineageos.trebuchet:10008?v=7&cv=9 pkg=com.google.android.googlequicksearchbox } U=0: not found
04-29 06:57:00.624  1622  1622 I am_on_resume_called: [0,com.android.launcher3.searchlauncher.SearchLauncher,RESUME_ACTIVITY]
04-29 06:57:01.052  1183  1217 I zygote  : NativeAlloc concurrent copying GC freed 26168(1023KB) AllocSpace objects, 0(0B) LOS objects, 54% free, 5MB/11MB, paused 265us total 152.732ms
04-29 06:57:01.187   479   519 I dvm_lock_sample: [system_server,1,ActivityManager,57,WindowManagerService.java,3006,boolean com.android.server.wm.WindowManagerService.containsDismissKeyguardWindow(android.os.IBinder),WindowSurfacePlacer.java,107,void com.android.server.wm.WindowSurfacePlacer.lambda$-com_android_server_wm_WindowSurfacePlacer_5337(),11]
04-29 06:57:01.220   479   519 I am_destroy_activity: [0,123750933,12,com.android.camera2/com.android.camera.CameraActivity,finish-imm]
04-29 06:57:01.340  1622  2172 W OpenGLRenderer: Incorrectly called buildLayer on View: ShortcutAndWidgetContainer, destroying layer...
04-29 06:57:01.340  1622  2172 W OpenGLRenderer: Incorrectly called buildLayer on View: ShortcutAndWidgetContainer, destroying layer...
04-29 06:57:01.951   479   494 D WificondControl: Scan result ready event
04-29 06:57:01.957   479  1122 W WifiConfigManager: Looking up network with invalid networkId -1
04-29 06:57:01.982   479  1209 I sysui_action: [316,3]
04-29 06:57:01.982   479  1209 I sysui_multi_action: [757,316,758,4,759,3]
04-29 06:57:01.983   479  1209 I am_uid_stopped: 10014
04-29 06:57:01.983   479  1209 I ActivityManager: Killing 2725:com.android.camera2/u0a14 (adj 900): crash
04-29 06:57:01.983   479  1209 I am_kill : [0,2725,com.android.camera2,900,crash]
04-29 06:57:01.984   479   521 W system_server: kill(-2725, 9) failed: No such process
04-29 06:57:01.996   479  1209 I wm_task_removed: [12,removeAppToken: last token]
04-29 06:57:01.998   479  1209 I wm_task_removed: [12,removeTask]
04-29 06:57:01.998   479  1209 I wm_stack_removed: 1
04-29 06:57:02.015   479  1209 I wm_stack_created: 1
04-29 06:57:02.015   479  1209 I wm_task_created: [12,1]
04-29 06:57:02.016   479  1209 I wm_task_moved: [12,1,0]
04-29 06:57:02.016     0     0 I binder  : release 2725:2824 transaction 138370 out, still active
04-29 06:57:02.017     0     0 I binder  : 278:278 transaction failed 29189, size 60-0
04-29 06:57:02.017     0     0 I chatty  : uid=0(root) logd identical 1 line
04-29 06:57:02.018     0     0 I binder  : 278:278 transaction failed 29189, size 60-0
04-29 06:57:02.019   479  1209 I ActivityManager: START u0 {flg=0x10100000 cmp=com.android.camera2/com.android.camera.CameraActivity} from uid 0
04-29 06:57:02.019   479  1209 I wm_task_moved: [12,1,0]
04-29 06:57:02.020   479  1209 I am_create_activity: [0,38417644,12,com.android.camera2/com.android.camera.CameraActivity,NULL,NULL,NULL,269484032]
04-29 06:57:02.022   479  1209 I am_focused_stack: [0,1,0,startActivityUnchecked]
04-29 06:57:02.022   479  1209 I wm_task_moved: [12,1,0]
04-29 06:57:02.023   479  1209 I am_pause_activity: [0,70890450,org.lineageos.trebuchet/com.android.launcher3.searchlauncher.SearchLauncher]
04-29 06:57:02.028   589   685 I Camera3-Device: disconnect: E
04-29 06:57:02.029   479   521 W system_server: kill(-2725, 9) failed: No such process
04-29 06:57:02.029   589   685 V Camera3Wrapper: camera3_device_close
04-29 06:57:02.030   589  2864 D NvOsDebugPrintf: NvCamScaler_OutputThread-- (error 0x0)
04-29 06:57:02.030   589  2848 D CameraWrapper: NvCamScaler_OutputThread-- (error 0x0)
04-29 06:57:02.032  1622  1622 I am_on_paused_called: [0,com.android.launcher3.searchlauncher.SearchLauncher,handlePauseActivity]
04-29 06:57:02.038     0     0 I         : ardbeg_imx179_power_off finished
04-29 06:57:02.038     0     0 E gk20a.0 : unrecognized ioctl cmd: 0x8008486d
04-29 06:57:02.043     0     0 I         : ardbeg_ad5823_power_off
04-29 06:57:02.048   270   270 D phs:ipc-loc: Socket 13: hangup from client "com.android.camera2"
04-29 06:57:02.050     0     0 I binder  : 479:1209 transaction failed 29189, size 4-0
04-29 06:57:02.050     0     0 I binder  : send failed reply for transaction 138370, target dead
04-29 06:57:02.051   479   549 W ActivityManager: setHasOverlayUi called on unknown pid: 2725
04-29 06:57:02.052   479  1957 E ActivityManager: applyOptionsLocked: Unknown animationType=0
04-29 06:57:02.052   479  1957 I am_uid_running: 10014
04-29 06:57:02.069   479  1957 I am_proc_start: [0,2879,10014,com.android.camera2,activity,com.android.camera2/com.android.camera.CameraActivity]
04-29 06:57:02.069   479  1957 I ActivityManager: Start proc 2879:com.android.camera2/u0a14 for activity com.android.camera2/com.android.camera.CameraActivity
04-29 06:57:02.074   479   521 W system_server: kill(-2725, 9) failed: No such process
04-29 06:57:02.075   479   521 I system_server: Successfully killed process cgroup uid 10014 pid 2725 in 91ms
04-29 06:57:02.084   589   685 D         : ~NvCameraTNR: ++
04-29 06:57:02.084   589   685 D         : Release: ++
04-29 06:57:02.084     0     0 I binder  : 1170:1170 transaction failed 29189, size 88-0
04-29 06:57:02.087   589   685 D         : Release: --
04-29 06:57:02.087   589   685 D         : ~NvCameraTNR: --
04-29 06:57:02.088   589   685 I Camera3-Device: disconnect: X
04-29 06:57:02.088   589   685 I Camera3-Device: disconnect: E
04-29 06:57:02.090     0     0 I binder  : 589:685 transaction failed 29189, size 100-0
04-29 06:57:02.091   589   685 I CameraService: disconnect: Disconnected client for camera 0 for PID 2725
04-29 06:57:02.091   589   685 I Camera2ClientBase: Closed Camera 0. Client was: com.android.camera2 (PID 2725, UID 10014)
04-29 06:57:02.091   589   685 E CameraService: binderDied: Java client's binder died, removing it from the list of active clients
04-29 06:57:02.107   479  1291 I am_proc_bound: [0,2879,com.android.camera2]
04-29 06:57:02.113   479  1291 I am_uid_active: 10014
04-29 06:57:02.113   479  1291 I am_restart_activity: [0,38417644,12,com.android.camera2/com.android.camera.CameraActivity]
04-29 06:57:02.117   479  1291 I am_set_resumed_activity: [0,com.android.camera2/com.android.camera.CameraActivity,minimalResumeActivityLocked]
04-29 06:57:02.173  2879  2879 V CAM_Profiler: [  0.000ms][ui] GUARD: CameraApp onCreate() - START
04-29 06:57:02.174  2879  2879 V CAM_Profiler: [  0.000ms][ui] GUARD: FirstRunDetector getTimeOfFirstRun - START
04-29 06:57:02.176  2879  2879 V CAM_Profiler: [  1.734ms][ui] GUARD: FirstRunDetector getTimeOfFirstRun - [ 1.734ms] PreferenceManager.getDefaultSharedPreferences
04-29 06:57:02.179  2879  2879 V CAM_Profiler: [  4.267ms][ui] GUARD: FirstRunDetector getTimeOfFirstRun - [ 2.533ms] preferences.getLong
04-29 06:57:02.179  2879  2879 V CAM_Profiler: [  4.901ms][ui] GUARD: FirstRunDetector getTimeOfFirstRun - STOP
04-29 06:57:02.180  2879  2879 V CAM_Profiler: [ 10.213ms][ui] GUARD: CameraApp onCreate() - [10.213ms] initializeTimeOfFirstRun
04-29 06:57:02.182  2879  2879 V CAM_Profiler: [ 12.171ms][ui] GUARD: CameraApp onCreate() - [ 1.958ms] UsageStatistics.initialize
04-29 06:57:02.184   479   479 I notification_cancel_all: [10014,2879,com.android.camera2,0,0,64,9,NULL]
04-29 06:57:02.184  2879  2879 V CAM_Profiler: [ 14.526ms][ui] GUARD: CameraApp onCreate() - [ 2.355ms] clearNotifications
04-29 06:57:02.184  2879  2879 V CAM_Profiler: [ 14.526ms][ui] GUARD: CameraApp onCreate() - STOP
04-29 06:57:02.188  2879  2895 D vndksupport: Loading /system/lib/egl/libEGL_tegra.so from current namespace instead of sphal namespace.
04-29 06:57:02.191  2879  2895 D libEGL  : loaded /system/lib/egl/libEGL_tegra.so
04-29 06:57:02.192  2879  2895 I         : Attempting to load EGL implementation libEGL_tegra_impl
04-29 06:57:02.205  2879  2895 I         : Loaded EGL implementation libEGL_tegra_impl
04-29 06:57:02.206  2879  2895 D vndksupport: Loading /system/lib/egl/libGLESv1_CM_tegra.so from current namespace instead of sphal namespace.
04-29 06:57:02.208  2879  2895 D libEGL  : loaded /system/lib/egl/libGLESv1_CM_tegra.so
04-29 06:57:02.215   479   692 W AppOps  : Finishing op nesting under-run: uid 1000 pkg android code 24 time=0 duration=0 nesting=0
04-29 06:57:02.234  2879  2895 D vndksupport: Loading /system/lib/egl/libGLESv2_tegra.so from current namespace instead of sphal namespace.
04-29 06:57:02.234  2879  2895 D libEGL  : loaded /system/lib/egl/libGLESv2_tegra.so
04-29 06:57:02.240  2879  2879 V CAM_QuickActivity: START onCreate: Activity = com.android.camera.CameraActivity@21cba2
04-29 06:57:02.240  2879  2879 V CAM_Profiler: [  0.000ms][ui] GUARD: CameraActivity.onCreateTasks - START
04-29 06:57:02.241  2879  2879 D CAM_LocationManager: Using legacy location provider.
04-29 06:57:02.259  2879  2879 D CAM_MemoryManagerImpl: Max native memory: 358 MB
04-29 06:57:02.267  2879  2879 W SoundPool: Use of stream types is deprecated for operations other than volume control
04-29 06:57:02.267  2879  2879 W SoundPool: See the documentation of SoundPool() for what to use instead with android.media.AudioAttributes to qualify your playback use case
04-29 06:57:02.268  2879  2879 I CAM_OneCamFtrCnfgCrtr: CaptureModule? true
04-29 06:57:02.271     0     0 E gk20a.0 : unrecognized ioctl cmd: 0x8008486d
04-29 06:57:02.294  2879  2879 I CAM_Profiler: [ 53.555ms][ui] GUARD: CameraActivity.onCreateTasks - [23.893ms] Glide.setup
04-29 06:57:02.300  2879  2879 V CAM_Profiler: [ 59.927ms][ui] GUARD: CameraActivity.onCreateTasks - [ 6.371ms] OneCameraManager.get
04-29 06:57:02.318  2879  2903 V NuMediaExtractor: setDataSource fd=40 (/system/media/audio/ui/camera_click.ogg), offset=0, length=5951
04-29 06:57:02.318  2879  2879 I CameraManagerGlobal: Connecting to camera service
04-29 06:57:02.322  2879  2903 V NuMediaExtractor: track of type 'audio/vorbis' does not publish bitrate
04-29 06:57:02.323  2879  2879 V CAM_SettingsManager: listeners: [com.android.camera.CameraActivity@21cba2]
04-29 06:57:02.324   283  1459 I OMXMaster: makeComponentInstance(OMX.google.vorbis.decoder) in android.hardwar process
04-29 06:57:02.332   589   685 I CameraService: CameraService::connect call (PID -1 "com.android.camera2", camera ID 0) for HAL version default and Camera API version 1
04-29 06:57:02.333   589   685 D NuPlayerDriver: NuPlayerDriver(0xb32a81f0) created, clientPid(2879)
04-29 06:57:02.338   589  2908 D NuPlayerDriver: notifyListener_l(0xb32a81f0), (1, 0, 0, -1), loop setting(0, 0)
04-29 06:57:02.338   589   685 D NuPlayerDriver: NuPlayerDriver(0xb32a8500) created, clientPid(2879)
04-29 06:57:02.343   589  2910 D NuPlayerDriver: notifyListener_l(0xb32a8500), (1, 0, 0, -1), loop setting(0, 0)
04-29 06:57:02.343   589   685 D NuPlayerDriver: NuPlayerDriver(0xb32a7a80) created, clientPid(2879)
04-29 06:57:02.350   589  2912 D NuPlayerDriver: notifyListener_l(0xb32a7a80), (1, 0, 0, -1), loop setting(0, 0)
04-29 06:57:02.350   589   685 I Camera2ClientBase: Camera 0: Opened. Client: com.android.camera2 (PID 2879, UID 10014)
04-29 06:57:02.352   589   685 V CameraWrapper: check_vendor_module
04-29 06:57:02.352   589   685 V Camera3Wrapper: camera3_device_open
04-29 06:57:02.352   589   685 V Camera3Wrapper: check_vendor_module
04-29 06:57:02.352   589   685 D         : NvCameraTNR: ++
04-29 06:57:02.353   589   685 D         : NvCameraTNR: --
04-29 06:57:02.388   589   685 D NvOsDebugPrintf: NvOdmImagerGetLayout: PCL layout not detected - 2
04-29 06:57:02.388   589  2915 D CameraWrapper: NvOdmImagerGetLayout: PCL layout not detected - 2
04-29 06:57:02.389   589   685 D NvOsDebugPrintf: NvOdmImagerGetLayout: PCL layout not detected - 2
04-29 06:57:02.389   589   685 D NvOsDebugPrintf: NvPclStateControllerOpen: device detection on this platform is not supported
04-29 06:57:02.389   589  2915 D CameraWrapper: NvOdmImagerGetLayout: PCL layout not detected - 2
04-29 06:57:02.389   589  2915 D CameraWrapper: NvPclStateControllerOpen: device detection on this platform is not supported
04-29 06:57:02.389   589   685 D NvOsDebugPrintf: NvOdmImagerGetLayout: PCL layout not detected - 2
04-29 06:57:02.389   589   685 D NvOsDebugPrintf: NvPclStateControllerOpen: attempting to use backup default module list
04-29 06:57:02.389   589  2915 D CameraWrapper: NvOdmImagerGetLayout: PCL layout not detected - 2
04-29 06:57:02.389   589  2915 D CameraWrapper: NvPclStateControllerOpen: attempting to use backup default module list
04-29 06:57:02.389     0     0 I         : ardbeg_ad5823_power_on
04-29 06:57:02.389     0     0 I         : ardbeg_imx179_power_on
04-29 06:57:02.391     0     0 I         : ardbeg_imx179_power_on finished
04-29 06:57:02.391     0     0 I         : imx179_get_sensor_id
04-29 06:57:02.494   589   685 D NvOsDebugPrintf: Get otp vendor 0x0, size: 1
04-29 06:57:02.494     0     0 I         : imx179 module vendor ID: 0x08 06
04-29 06:57:02.495   589  2915 D CameraWrapper: Get otp vendor 0x0, size: 1
04-29 06:57:02.512   589   685 D NvOsDebugPrintf: NvCameraIspInitialize: disable3A=0x0
04-29 06:57:02.514   589  2915 D CameraWrapper: NvCameraIspInitialize: disable3A=0x0
04-29 06:57:02.527   589   685 D NvOsDebugPrintf: LSC: LSC surface is not based on full res!
04-29 06:57:02.528   589  2915 D CameraWrapper: LSC: LSC surface is not based on full res!
04-29 06:57:02.539   589   685 D NvOsDebugPrintf: -- NvIspAFinit -- min 176, max 544
04-29 06:57:02.539   589  2915 D CameraWrapper: -- NvIspAFinit -- min 176, max 544
04-29 06:57:02.540   589   685 D NvOsDebugPrintf: NvIspSetStats: WARNING: FM can't be enabled because AP is not enabled!!
04-29 06:57:02.540   589  2915 D CameraWrapper: NvIspSetStats: WARNING: FM can't be enabled because AP is not enabled!!
04-29 06:57:02.553   589   685 V Camera3Wrapper: camera3_device_open: got vendor camera device 0xB32A5840
04-29 06:57:02.553   589   685 V Camera3Wrapper: camera3_initialize->B32A56B0->B32A5840
04-29 06:57:02.555   589   685 E Camera2-Parameters: buildFastInfo: Unknown override AE mode: 0
04-29 06:57:02.556   589   685 E Camera2-Parameters: buildFastInfo: Camera 0: Scene mode override lists asks for fixed focus on a device with focuser but not calibrated for infinity focus
04-29 06:57:02.556   589   685 E Camera2Client: initializeImpl: Camera 0: unable to build defaults: No such device (-19)
04-29 06:57:02.556   589   685 E CameraService: connectHelper: Could not initialize client from HAL.
04-29 06:57:02.556   589   685 I Camera2Client: Camera 0: Closed
04-29 06:57:02.556   589   685 I Camera3-Device: disconnect: E
04-29 06:57:02.556   589   685 V Camera3Wrapper: camera3_device_close
04-29 06:57:02.557   589  2930 D NvOsDebugPrintf: NvCamScaler_OutputThread-- (error 0x0)
04-29 06:57:02.557   589  2915 D CameraWrapper: NvCamScaler_OutputThread-- (error 0x0)
04-29 06:57:02.577     0     0 I         : ardbeg_imx179_power_off finished
04-29 06:57:02.595     0     0 I         : ardbeg_ad5823_power_off
04-29 06:57:02.631   589   685 D         : ~NvCameraTNR: ++
04-29 06:57:02.631   589   685 D         : Release: ++
04-29 06:57:02.649   589   685 D         : Release: --
04-29 06:57:02.650   589   685 D         : ~NvCameraTNR: --
04-29 06:57:02.651   589   685 I Camera3-Device: disconnect: X
04-29 06:57:02.651   589   685 I Camera3-Device: disconnect: E
04-29 06:57:02.655   589   685 I CameraService: disconnect: Disconnected client for camera 0 for PID 2879
04-29 06:57:02.655   589   685 I Camera2ClientBase: Closed Camera 0. Client was: com.android.camera2 (PID 2879, UID 10014)
04-29 06:57:02.655   589   685 D NuPlayerDriver: reset(0xb32a81f0) at state 4
04-29 06:57:02.655   589   685 D NuPlayerDriver: updateMetrics(0xb32a81f0) from reset at state 4
04-29 06:57:02.655   589   685 D NuPlayerDriver: notifyListener_l(0xb32a81f0), (8, 0, 0, -1), loop setting(0, 0)
04-29 06:57:02.656   589  2908 D NuPlayerDriver: notifyResetComplete(0xb32a81f0)
04-29 06:57:02.656   589   685 D NuPlayerDriver: updateMetrics(0xb32a81f0) from destructor at state 0
04-29 06:57:02.657   589   685 D NuPlayerDriver: reset(0xb32a8500) at state 4
04-29 06:57:02.657   589   685 D NuPlayerDriver: updateMetrics(0xb32a8500) from reset at state 4
04-29 06:57:02.657   589   685 D NuPlayerDriver: notifyListener_l(0xb32a8500), (8, 0, 0, -1), loop setting(0, 0)
04-29 06:57:02.657   589  2910 D NuPlayerDriver: notifyResetComplete(0xb32a8500)
04-29 06:57:02.658   589   685 D NuPlayerDriver: updateMetrics(0xb32a8500) from destructor at state 0
04-29 06:57:02.659   589   685 D NuPlayerDriver: reset(0xb32a7a80) at state 4
04-29 06:57:02.659   589   685 D NuPlayerDriver: updateMetrics(0xb32a7a80) from reset at state 4
04-29 06:57:02.659   589   685 D NuPlayerDriver: notifyListener_l(0xb32a7a80), (8, 0, 0, -1), loop setting(0, 0)
04-29 06:57:02.659   589  2912 D NuPlayerDriver: notifyResetComplete(0xb32a7a80)
04-29 06:57:02.659   589   685 D NuPlayerDriver: updateMetrics(0xb32a7a80) from destructor at state 0
04-29 06:57:02.660  2879  2879 W CameraBase: An error occurred while connecting to camera 0: Status(-8): '10: connectHelper:1405: Failed to initialize camera "0": No such device (-19)'
04-29 06:57:02.667   589   685 I CameraService: CameraService::connect call (PID -1 "com.android.camera2", camera ID 1) for HAL version default and Camera API version 1
04-29 06:57:02.669   589   685 D NuPlayerDriver: NuPlayerDriver(0xb32a8880) created, clientPid(2879)
04-29 06:57:02.685   589  2942 D NuPlayerDriver: notifyListener_l(0xb32a8880), (1, 0, 0, -1), loop setting(0, 0)
04-29 06:57:02.686   589   685 D NuPlayerDriver: NuPlayerDriver(0xb32a7b60) created, clientPid(2879)
04-29 06:57:02.702   589  2944 D NuPlayerDriver: notifyListener_l(0xb32a7b60), (1, 0, 0, -1), loop setting(0, 0)
04-29 06:57:02.703   589   685 D NuPlayerDriver: NuPlayerDriver(0xb32a7f50) created, clientPid(2879)
04-29 06:57:02.718   589  2946 D NuPlayerDriver: notifyListener_l(0xb32a7f50), (1, 0, 0, -1), loop setting(0, 0)
04-29 06:57:02.718   589   685 I Camera2ClientBase: Camera 1: Opened. Client: com.android.camera2 (PID 2879, UID 10014)
04-29 06:57:02.721   589   685 V CameraWrapper: check_vendor_module
04-29 06:57:02.722   589   685 V Camera3Wrapper: camera3_device_open
04-29 06:57:02.722   589   685 V Camera3Wrapper: check_vendor_module
04-29 06:57:02.722   589   685 D         : NvCameraTNR: ++
04-29 06:57:02.726   589   685 D         : NvCameraTNR: --
04-29 06:57:02.766   589   685 D NvOsDebugPrintf: NvOdmImagerGetLayout: PCL layout not detected - 2
04-29 06:57:02.766   589  2949 D CameraWrapper: NvOdmImagerGetLayout: PCL layout not detected - 2
04-29 06:57:02.766   589   685 D NvOsDebugPrintf: NvOdmImagerGetLayout: PCL layout not detected - 2
04-29 06:57:02.766   589   685 D NvOsDebugPrintf: NvPclStateControllerOpen: device detection on this platform is not supported
04-29 06:57:02.766   589  2949 D CameraWrapper: NvOdmImagerGetLayout: PCL layout not detected - 2
04-29 06:57:02.766   589  2949 D CameraWrapper: NvPclStateControllerOpen: device detection on this platform is not supported
04-29 06:57:02.766   589   685 D NvOsDebugPrintf: NvOdmImagerGetLayout: PCL layout not detected - 2
04-29 06:57:02.766   589   685 D NvOsDebugPrintf: NvPclStateControllerOpen: attempting to use backup default module list
04-29 06:57:02.766   589  2949 D CameraWrapper: NvOdmImagerGetLayout: PCL layout not detected - 2
04-29 06:57:02.767   589  2949 D CameraWrapper: NvPclStateControllerOpen: attempting to use backup default module list
04-29 06:57:02.767     0     0 I         : ardbeg_ov5693_power_on
04-29 06:57:02.770     0     0 I         : ardbeg_ov5693_power_on finished
04-29 06:57:02.900   589   685 D NvOsDebugPrintf: NvCameraIspInitialize: disable3A=0x0
04-29 06:57:02.900   589  2949 D CameraWrapper: NvCameraIspInitialize: disable3A=0x0
04-29 06:57:02.921   589   685 D NvOsDebugPrintf: -- NvIspAFinit -- min 0, max 0
04-29 06:57:02.922   589  2949 D CameraWrapper: -- NvIspAFinit -- min 0, max 0
04-29 06:57:02.922   589   685 D NvOsDebugPrintf: NvIspSetStats: WARNING: FM can't be enabled because AP is not enabled!!
04-29 06:57:02.922   589  2949 D CameraWrapper: NvIspSetStats: WARNING: FM can't be enabled because AP is not enabled!!
04-29 06:57:02.924   589   685 V Camera3Wrapper: camera3_device_open: got vendor camera device 0xB32A59D0
04-29 06:57:02.924   589   685 V Camera3Wrapper: camera3_initialize->B32A5980->B32A59D0
04-29 06:57:02.925   589   685 E Camera2-Parameters: buildFastInfo: Unknown override AE mode: 0
04-29 06:57:02.925   589   685 E Camera2-Parameters: Malformed static metadata entry 'android.control.maxRegions' (1001c):Expected between 3 and 3 values, but got 1 values
04-29 06:57:02.925   589   685 E Camera2Client: initializeImpl: Camera 1: unable to build defaults: No such device (-19)
04-29 06:57:02.925   589   685 E CameraService: connectHelper: Could not initialize client from HAL.
04-29 06:57:02.925   589   685 I Camera2Client: Camera 1: Closed
04-29 06:57:02.925   589   685 I Camera3-Device: disconnect: E
04-29 06:57:02.926   589   685 V Camera3Wrapper: camera3_device_close
04-29 06:57:02.926   589  2964 D NvOsDebugPrintf: NvCamScaler_OutputThread-- (error 0x0)
04-29 06:57:02.926   589  2949 D CameraWrapper: NvCamScaler_OutputThread-- (error 0x0)
04-29 06:57:02.929     0     0 I         : ardbeg_ov5693_power_off
04-29 06:57:02.930     0     0 I         : ardbeg_ov5693_power_off finished
04-29 06:57:02.968   589   685 D         : ~NvCameraTNR: ++
04-29 06:57:02.968   589   685 D         : Release: ++
04-29 06:57:02.978   589   685 D         : Release: --
04-29 06:57:02.978   589   685 D         : ~NvCameraTNR: --
04-29 06:57:02.979   589   685 I Camera3-Device: disconnect: X
04-29 06:57:02.979   589   685 I Camera3-Device: disconnect: E
04-29 06:57:02.980   589   685 I CameraService: disconnect: Disconnected client for camera 1 for PID 2879
04-29 06:57:02.980   589   685 I Camera2ClientBase: Closed Camera 1. Client was: com.android.camera2 (PID 2879, UID 10014)
04-29 06:57:02.981   589   685 D NuPlayerDriver: reset(0xb32a8880) at state 4
04-29 06:57:02.981   589   685 D NuPlayerDriver: updateMetrics(0xb32a8880) from reset at state 4
04-29 06:57:02.981   589   685 D NuPlayerDriver: notifyListener_l(0xb32a8880), (8, 0, 0, -1), loop setting(0, 0)
04-29 06:57:02.981   589  2942 D NuPlayerDriver: notifyResetComplete(0xb32a8880)
04-29 06:57:02.981   589   685 D NuPlayerDriver: updateMetrics(0xb32a8880) from destructor at state 0
04-29 06:57:02.982   589   685 D NuPlayerDriver: reset(0xb32a7b60) at state 4
04-29 06:57:02.982   589   685 D NuPlayerDriver: updateMetrics(0xb32a7b60) from reset at state 4
04-29 06:57:02.982   589   685 D NuPlayerDriver: notifyListener_l(0xb32a7b60), (8, 0, 0, -1), loop setting(0, 0)
04-29 06:57:02.982   589  2944 D NuPlayerDriver: notifyResetComplete(0xb32a7b60)
04-29 06:57:02.982   589   685 D NuPlayerDriver: updateMetrics(0xb32a7b60) from destructor at state 0
04-29 06:57:02.983   589   685 D NuPlayerDriver: reset(0xb32a7f50) at state 4
04-29 06:57:02.983   589   685 D NuPlayerDriver: updateMetrics(0xb32a7f50) from reset at state 4
04-29 06:57:02.983   589   685 D NuPlayerDriver: notifyListener_l(0xb32a7f50), (8, 0, 0, -1), loop setting(0, 0)
04-29 06:57:02.983   589  2946 D NuPlayerDriver: notifyResetComplete(0xb32a7f50)
04-29 06:57:02.983   589   685 D NuPlayerDriver: updateMetrics(0xb32a7f50) from destructor at state 0
04-29 06:57:02.984  2879  2879 W CameraBase: An error occurred while connecting to camera 1: Status(-8): '10: connectHelper:1405: Failed to initialize camera "1": No such device (-19)'
04-29 06:57:02.987  2879  2879 I CAM_Profiler: [746.876ms][ui] GUARD: CameraActivity.onCreateTasks - [661.116ms] computePictureSizes
04-29 06:57:03.054  2879  2879 W CAM_Log : Tag RoundedThumbnailView is 1 chars longer than limit.
04-29 06:57:03.156  2879  2879 I CAM_Profiler: [915.698ms][ui] GUARD: CameraActivity.onCreateTasks - [161.080ms] setContentView()
04-29 06:57:03.188  2879  2879 I CAM_Profiler: [947.888ms][ui] GUARD: CameraActivity.onCreateTasks - [32.190ms] Configure Camera UI
04-29 06:57:03.209  2879  2879 V CAM_CameraController: Closing camera
04-29 06:57:03.209  2879  2898 W CAM2PORT_AndCamAgntImp: Releasing camera without any camera opened.
04-29 06:57:03.210  2879  2879 V CAM_ModulesInfo: EnableCaptureModule = true
04-29 06:57:03.216  2879  2879 V CAM_Profiler: [  0.000ms][ui] GUARD: new CaptureModule - START
04-29 06:57:03.219  2879  2879 V CAM_Profiler: [  2.770ms][ui] GUARD: new CaptureModule - STOP
04-29 06:57:03.219  2879  2879 V CAM_SettingsManager: listeners: [com.android.camera.CameraActivity@21cba2, com.android.camera.app.CameraAppUI@49d01c7]
04-29 06:57:03.230  2879  2879 V CAM_SettingsManager: listeners: [com.android.camera.CameraActivity@21cba2, com.android.camera.app.CameraAppUI@49d01c7, com.android.camera.ButtonManager@abafb60]
04-29 06:57:03.231  2879  2879 V CAM_SettingsManager: listeners: [com.android.camera.CameraActivity@21cba2, com.android.camera.app.CameraAppUI@49d01c7, com.android.camera.ButtonManager@abafb60, com.android.camera.widget.IndicatorIconController@884f0de]
04-29 06:57:03.231  2879  2879 V CAM_Profiler: [991.085ms][ui] GUARD: CameraActivity.onCreateTasks - [12.311ms] Init Current Module UI
04-29 06:57:03.232  2879  2879 V CAM_Profiler: [  0.000ms][ui] GUARD: CaptureModule.init - START
04-29 06:57:03.232  2879  2879 D CAM_CaptureModule: init UseAutotransformUiLayout = false
04-29 06:57:03.234  2879  2879 D CAM_Camera2OneCamMgr: Getting First BACK Camera
04-29 06:57:03.244  2879  2879 W SoundPool: Use of stream types is deprecated for operations other than volume control
04-29 06:57:03.244  2879  2879 W SoundPool: See the documentation of SoundPool() for what to use instead with android.media.AudioAttributes to qualify your playback use case
04-29 06:57:03.244  2879  2981 V NuMediaExtractor: setDataSource fd=47 (/system/priv-app/Camera2/Camera2.apk), offset=6834592, length=19122
04-29 06:57:03.247  2879  2977 V NuMediaExtractor: setDataSource fd=51 (/system/media/audio/ui/camera_click.ogg), offset=0, length=5951
04-29 06:57:03.248  2879  2879 I CAM_Profiler: [ 15.696ms][ui] GUARD: CaptureModule.init - STOP
04-29 06:57:03.248  2879  2879 I CAM_Profiler: [1007.532ms][ui] GUARD: CameraActivity.onCreateTasks - [16.447ms] Init CurrentModule
04-29 06:57:03.250  2879  2981 V NuMediaExtractor: track of type 'audio/vorbis' does not publish bitrate
04-29 06:57:03.251  2879  2977 V NuMediaExtractor: track of type 'audio/vorbis' does not publish bitrate
04-29 06:57:03.251   283  1459 I OMXMaster: makeComponentInstance(OMX.google.vorbis.decoder) in android.hardwar process
04-29 06:57:03.252  2879  2879 V NFC     : this device does not have NFC support
04-29 06:57:03.253   283   283 I OMXMaster: makeComponentInstance(OMX.google.vorbis.decoder) in android.hardwar process
04-29 06:57:03.265  2879  2879 I CAM_Profiler: [1024.408ms][ui] GUARD: CameraActivity.onCreateTasks - STOP
04-29 06:57:03.265  2879  2879 V CAM_QuickActivity: END onCreate: Activity = com.android.camera.CameraActivity@21cba2
04-29 06:57:03.266  2879  2879 V CAM_QuickActivity: START onStart: Activity = com.android.camera.CameraActivity@21cba2
04-29 06:57:03.270  2879  2879 V CAM_QuickActivity: END onStart: Activity = com.android.camera.CameraActivity@21cba2
04-29 06:57:03.273  2879  2879 V CAM_QuickActivity: START onResume: Activity = com.android.camera.CameraActivity@21cba2
04-29 06:57:03.274  2879  2879 V CAM_QuickActivity: onResume(): isKeyguardLocked() = false
04-29 06:57:03.274  2879  2990 D CAM_Storage: External storage state=mounted
04-29 06:57:03.277  2879  2879 V CAM_QuickActivity: onResume --> onResumeTasks()
04-29 06:57:03.278  2879  2879 V CAM_Profiler: [  0.000ms][ui] GUARD: CameraActivity.resume - START
04-29 06:57:03.278  2879  2879 V CAM_CameraActivity: Build info: lineage_mocha-eng 8.1.0 OPM7.181205.001 0ea1f19a3c test-keys
04-29 06:57:03.284  2879  2990 D CAM_Storage: External storage state=mounted
04-29 06:57:03.285  2879  2879 V CAM_Profiler: [  0.000ms][ui] GUARD: CaptureModule.resume - START
04-29 06:57:03.286  2879  2879 V CAM_Profiler: [  0.962ms][ui] GUARD: CaptureModule.resume - [ 0.044ms] getRemoteShutterListener.onModuleReady
04-29 06:57:03.295  2879  2981 V NuMediaExtractor: setDataSource fd=54 (/system/priv-app/Camera2/Camera2.apk), offset=6873096, length=7617
04-29 06:57:03.300  2879  2981 V NuMediaExtractor: track of type 'audio/vorbis' does not publish bitrate
04-29 06:57:03.304  2879  2989 V CAM_CameraDataAdapter: retrieved photo metadata, number of items: 0
04-29 06:57:03.304  2879  2989 V CAM_CameraDataAdapter: retrieved video metadata, number of items: 0
04-29 06:57:03.304  2879  2989 V CAM_CameraDataAdapter: sorting video/photo metadata
04-29 06:57:03.305   283   283 I OMXMaster: makeComponentInstance(OMX.google.vorbis.decoder) in android.hardwar process
04-29 06:57:03.305  2879  2989 V CAM_CameraDataAdapter: sorted video/photo metadata
04-29 06:57:03.328  2879  2981 V NuMediaExtractor: setDataSource fd=63 (/system/priv-app/Camera2/Camera2.apk), offset=6880776, length=7755
04-29 06:57:03.329   199   695 D SensorHAL: lsm6db0_magn: power-on.
04-29 06:57:03.329  2879  2879 I CAM_Profiler: [ 44.543ms][ui] GUARD: CaptureModule.resume - [33.625ms] mHeadingSensor.activate()
04-29 06:57:03.329  2879  2879 I CAM_Profiler: [ 44.543ms][ui] GUARD: CaptureModule.resume - STOP
04-29 06:57:03.330  2879  2879 I CAM_Profiler: [ 51.678ms][ui] GUARD: CameraActivity.resume - [45.270ms] mCurrentModule.resume
04-29 06:57:03.331  2879  2879 V CAM_Profiler: [ 52.883ms][ui] GUARD: CameraActivity.resume - [ 0.023ms] mPanoramaViewHelper.onResume()
04-29 06:57:03.331  2879  2879 I CAM_Profiler: [ 53.208ms][ui] GUARD: CameraActivity.resume - STOP
04-29 06:57:03.332  2879  2981 V NuMediaExtractor: track of type 'audio/vorbis' does not publish bitrate
04-29 06:57:03.332  2879  2879 V CAM_QuickActivity: END onResume: Activity = com.android.camera.CameraActivity@21cba2
04-29 06:57:03.332  2879  2879 I am_on_resume_called: [0,com.android.camera.CameraActivity,LAUNCH_ACTIVITY]
04-29 06:57:03.334   283   283 I OMXMaster: makeComponentInstance(OMX.google.vorbis.decoder) in android.hardwar process
04-29 06:57:03.336  2879  2998 D OpenGLRenderer: HWUI GL Pipeline
04-29 06:57:03.339   479  1207 E WindowManager: App trying to use insecure INPUT_FEATURE_NO_INPUT_CHANNEL flag. Ignoring
04-29 06:57:03.341  2879  2879 V CAM_CameraActivity: ignoring storage callback after activity pause
04-29 06:57:03.341  2879  2879 V CAM_CameraActivity: ignoring storage callback after activity pause
04-29 06:57:03.341  2879  2879 V CAM_FocusController: configurePreviewDimensions(RectF(0.0, 0.0, 0.0, 0.0))
04-29 06:57:03.365  2879  2988 D CAM_MemoryQuery: timestamp=270274, availMem=891, totalMem=1935, totalPSS=12, lastTrimLevel=0, largeMemoryClass=512, nativePSS=4, dalvikPSS=2, otherPSS=5,threshold=144, lowMemory=false
04-29 06:57:03.370  2879  2879 V CAM_TexViewHelper: onLayoutChange
04-29 06:57:03.371  2879  2879 V CAM_TexViewHelper: updateTransform
04-29 06:57:03.371  2879  2879 V CAM_TexViewHelper: setAspectRatio: 0.0
04-29 06:57:03.371  2879  2879 D CAM_CaptureModule: updatePreviewTransform: 1536 x 2048
04-29 06:57:03.372  2879  2879 V CAM_TexViewHelper: setAspectRatio: NaN
04-29 06:57:03.372  2879  2879 V CAM_TexViewHelper: aspect ratio changed from: 0.0
04-29 06:57:03.391     0     0 E gk20a.0 : unrecognized ioctl cmd: 0x8008486d
04-29 06:57:03.417  2879  2998 D vndksupport: Loading /vendor/lib/hw/gralloc.tegra.so from current namespace instead of sphal namespace.
04-29 06:57:03.421  2879  2998 I com.android.camera2: android::hardware::configstore::V1_0::ISurfaceFlingerConfigs::hasWideColorDisplay retrieved: 0
04-29 06:57:03.421  2879  2998 I OpenGLRenderer: Initialized EGL, version 1.4
04-29 06:57:03.421  2879  2998 D OpenGLRenderer: Swap behavior 2
04-29 06:57:03.488  2879  2998 I         : Loading GLESv2 implementation libGLESv2_tegra_impl
04-29 06:57:03.500  2879  2998 D vndksupport: Loading /vendor/lib/hw/android.hardware.graphics.mapper@2.0-impl.so from current namespace instead of sphal namespace.
04-29 06:57:03.501  2879  2998 D vndksupport: Loading /vendor/lib/hw/gralloc.tegra.so from current namespace instead of sphal namespace.
04-29 06:57:03.504  2879  2998 D vndksupport: Loading /vendor/lib/hw/gralloc.tegra.so from current namespace instead of sphal namespace.
04-29 06:57:03.532  2879  2879 V CAM_TexViewHelper: updateTransform
04-29 06:57:03.532  2879  2879 V CAM_CameraAppUI: SurfaceTexture is available
04-29 06:57:03.532  2879  2879 D CAM_CaptureModule: onSurfaceTextureAvailable
04-29 06:57:03.533  2879  2879 D CAM_CaptureModule: updatePreviewTransform: 1536 x 2048
04-29 06:57:03.535  2879  2879 V CAM_TexViewHelper: setAspectRatio: NaN
04-29 06:57:03.535  2879  2879 V CAM_TexViewHelper: aspect ratio changed from: NaN
04-29 06:57:03.536  2879  2879 I CAM_FocusRingView: Computing center via view bounds.
04-29 06:57:03.536  2879  2989 V CAM_Profiler: [  0.000ms] GUARD: CaptureModule.closeCamera() - START
04-29 06:57:03.537  2879  2989 V CAM_Profiler: [  0.576ms] GUARD: CaptureModule.closeCamera() - [ 0.576ms] mCameraOpenCloseLock.acquire()
04-29 06:57:03.537  2879  2989 V CAM_Profiler: [  0.960ms] GUARD: CaptureModule.closeCamera() - STOP
04-29 06:57:03.537  2879  2989 V CAM_Profiler: [  0.000ms] GUARD: CaptureModule.openCameraAndStartPreview() - START
04-29 06:57:03.538  2879  2989 V CAM_Profiler: [  0.293ms] GUARD: CaptureModule.openCameraAndStartPreview() - [ 0.293ms] Acquired mCameraOpenCloseLock
04-29 06:57:03.539  2879  2989 D CAM_Camera2OneCamMgr: Getting First BACK Camera
04-29 06:57:03.545  2879  2989 I CAM_OneCamera1Opnr: Opening Camera: CameraId{Api2='0',Api1:0}
04-29 06:57:03.546  2879  2989 V CAM_ActvCamDevTrckr: Tracking active camera: null
04-29 06:57:03.548  2879  2879 I auditd  : type=1400 audit(0.0:261): avc: denied { read write } for comm="RenderThread" name="tegra-throughput" dev="tmpfs" ino=6423 scontext=u:r:platform_app:s0:c512,c768 tcontext=u:object_r:video_device:s0 tclass=chr_file permissive=1
04-29 06:57:03.548  2879  2879 I RenderThread: type=1400 audit(0.0:261): avc: denied { read write } for name="tegra-throughput" dev="tmpfs" ino=6423 scontext=u:r:platform_app:s0:c512,c768 tcontext=u:object_r:video_device:s0 tclass=chr_file permissive=1
04-29 06:57:03.548  2879  2879 I auditd  : type=1400 audit(0.0:262): avc: denied { open } for comm="RenderThread" path="/dev/tegra-throughput" dev="tmpfs" ino=6423 scontext=u:r:platform_app:s0:c512,c768 tcontext=u:object_r:video_device:s0 tclass=chr_file permissive=1
04-29 06:57:03.548  2879  2879 I RenderThread: type=1400 audit(0.0:262): avc: denied { open } for path="/dev/tegra-throughput" dev="tmpfs" ino=6423 scontext=u:r:platform_app:s0:c512,c768 tcontext=u:object_r:video_device:s0 tclass=chr_file permissive=1
04-29 06:57:03.548  2879  2879 I auditd  : type=1400 audit(0.0:263): avc: denied { ioctl } for comm="RenderThread" path="/dev/tegra-throughput" dev="tmpfs" ino=6423 ioctlcmd=6701 scontext=u:r:platform_app:s0:c512,c768 tcontext=u:object_r:video_device:s0 tclass=chr_file permissive=1
04-29 06:57:03.548  2879  2879 I RenderThread: type=1400 audit(0.0:263): avc: denied { ioctl } for path="/dev/tegra-throughput" dev="tmpfs" ino=6423 ioctlcmd=6701 scontext=u:r:platform_app:s0:c512,c768 tcontext=u:object_r:video_device:s0 tclass=chr_file permissive=1
04-29 06:57:03.549   589  1240 I CameraService: CameraService::connect call (PID -1 "com.android.camera2", camera ID 0) for HAL version default and Camera API version 2
04-29 06:57:03.550   589  1240 I Camera2ClientBase: Camera 0: Opened. Client: com.android.camera2 (PID 2879, UID 10014)
04-29 06:57:03.550   589  1240 I CameraDeviceClient: CameraDeviceClient 0: Opened
04-29 06:57:03.553   589  1240 V CameraWrapper: check_vendor_module
04-29 06:57:03.553   589  1240 V Camera3Wrapper: camera3_device_open
04-29 06:57:03.553   589  1240 V Camera3Wrapper: check_vendor_module
04-29 06:57:03.554   589  1240 D         : NvCameraTNR: ++
04-29 06:57:03.557   589  1240 D         : NvCameraTNR: --
04-29 06:57:03.570  2879  2879 V CAM_CameraDataAdapter: new photos query return num items: 0
04-29 06:57:03.574   479   549 I sysui_multi_action: [319,6338,321,7587,322,9028,325,266,757,761,758,8,759,3,806,com.android.camera2,871,com.android.camera.CameraActivity,905,0,945,7571]
04-29 06:57:03.574   479   549 I am_activity_launch_time: [0,38417644,com.android.camera2/com.android.camera.CameraActivity,1513,1513]
04-29 06:57:03.574   479   549 I ActivityManager: Displayed com.android.camera2/com.android.camera.CameraActivity: +1s513ms
04-29 06:57:03.588  2879  2879 V CAM_FocusController: configurePreviewDimensions(RectF(NaN, NaN, NaN, NaN))
04-29 06:57:03.588  2879  2879 I CAM_FocusRingView: Computing center via view bounds.
04-29 06:57:03.588  2879  2879 V CAM_FocusController: configurePreviewDimensions(RectF(NaN, NaN, NaN, NaN))
04-29 06:57:03.588  2879  2879 I CAM_FocusRingView: Computing center via view bounds.
04-29 06:57:03.590  2879  2879 V CAM_FocusController: configurePreviewDimensions(RectF(NaN, NaN, NaN, NaN))
04-29 06:57:03.590  2879  2879 I CAM_FocusRingView: Computing center via view bounds.
04-29 06:57:03.592   479  1288 I am_stop_activity: [0,70890450,org.lineageos.trebuchet/com.android.launcher3.searchlauncher.SearchLauncher]
04-29 06:57:03.596  1622  1622 I am_on_stop_called: [0,com.android.launcher3.searchlauncher.SearchLauncher,handleStopActivity]
04-29 06:57:03.597   589  1240 D NvOsDebugPrintf: NvOdmImagerGetLayout: PCL layout not detected - 2
04-29 06:57:03.597   589  3001 D CameraWrapper: NvOdmImagerGetLayout: PCL layout not detected - 2
04-29 06:57:03.602     0     0 I         : ardbeg_ad5823_power_on
04-29 06:57:03.602   589  1240 D NvOsDebugPrintf: NvOdmImagerGetLayout: PCL layout not detected - 2
04-29 06:57:03.603   589  1240 D NvOsDebugPrintf: NvPclStateControllerOpen: device detection on this platform is not supported
04-29 06:57:03.603   589  1240 D NvOsDebugPrintf: NvOdmImagerGetLayout: PCL layout not detected - 2
04-29 06:57:03.603   589  1240 D NvOsDebugPrintf: NvPclStateControllerOpen: attempting to use backup default module list
04-29 06:57:03.603   589  3001 D CameraWrapper: NvOdmImagerGetLayout: PCL layout not detected - 2
04-29 06:57:03.603   589  3001 D CameraWrapper: NvPclStateControllerOpen: device detection on this platform is not supported
04-29 06:57:03.603   589  3001 D CameraWrapper: NvOdmImagerGetLayout: PCL layout not detected - 2
04-29 06:57:03.603   589  3001 D CameraWrapper: NvPclStateControllerOpen: attempting to use backup default module list
04-29 06:57:03.603     0     0 I         : ardbeg_imx179_power_on
04-29 06:57:03.605     0     0 I         : ardbeg_imx179_power_on finished
04-29 06:57:03.605     0     0 I         : imx179_get_sensor_id
04-29 06:57:03.708   589  1240 D NvOsDebugPrintf: Get otp vendor 0x0, size: 1
04-29 06:57:03.708   589  3001 D CameraWrapper: Get otp vendor 0x0, size: 1
04-29 06:57:03.708     0     0 I         : imx179 module vendor ID: 0x08 06
04-29 06:57:03.720   589  1240 D NvOsDebugPrintf: NvCameraIspInitialize: disable3A=0x0
04-29 06:57:03.720   589  3001 D CameraWrapper: NvCameraIspInitialize: disable3A=0x0
04-29 06:57:03.727   589  1240 D NvOsDebugPrintf: LSC: LSC surface is not based on full res!
04-29 06:57:03.728   589  3001 D CameraWrapper: LSC: LSC surface is not based on full res!
04-29 06:57:03.739   589  1240 D NvOsDebugPrintf: -- NvIspAFinit -- min 176, max 544
04-29 06:57:03.740   589  3001 D CameraWrapper: -- NvIspAFinit -- min 176, max 544
04-29 06:57:03.740   589  1240 D NvOsDebugPrintf: NvIspSetStats: WARNING: FM can't be enabled because AP is not enabled!!
04-29 06:57:03.740   589  3001 D CameraWrapper: NvIspSetStats: WARNING: FM can't be enabled because AP is not enabled!!
04-29 06:57:03.746   589  1240 V Camera3Wrapper: camera3_device_open: got vendor camera device 0xAB39BC90
04-29 06:57:03.746   589  1240 V Camera3Wrapper: camera3_initialize->AB39BC40->AB39BC90
04-29 06:57:03.758  2879  2989 I CAM_Profiler: [220.447ms] GUARD: CaptureModule.openCameraAndStartPreview() - [220.155ms] mOneCameraOpener.open()
04-29 06:57:03.760  2879  2989 I CAM_Profiler: [220.447ms] GUARD: CaptureModule.openCameraAndStartPreview() - STOP
04-29 06:57:03.768  2879  2978 I CAM_OneCamCreator: Camera support level: ZSL
04-29 06:57:03.799  2879  2978 E AndroidRuntime: FATAL EXCEPTION: CaptureModule.mCameraHandler
04-29 06:57:03.799  2879  2978 E AndroidRuntime: Process: com.android.camera2, PID: 2879
04-29 06:57:03.799  2879  2978 E AndroidRuntime: java.lang.NullPointerException: Attempt to get length of null array
04-29 06:57:03.799  2879  2978 E AndroidRuntime: 	at com.android.camera.one.v2.OneCameraCharacteristicsImpl.getSupportedPictureSizes(OneCameraCharacteristicsImpl.java:72)
04-29 06:57:03.799  2879  2978 E AndroidRuntime: 	at com.android.camera.one.v2.common.PictureSizeCalculator.computeConfiguration(PictureSizeCalculator.java:147)
04-29 06:57:03.799  2879  2978 E AndroidRuntime: 	at com.android.camera.one.v2.OneCameraCreator.create(OneCameraCreator.java:110)
04-29 06:57:03.799  2879  2978 E AndroidRuntime: 	at com.android.camera.one.v2.Camera2OneCameraOpenerImpl$1.onOpened(Camera2OneCameraOpenerImpl.java:167)
04-29 06:57:03.799  2879  2978 E AndroidRuntime: 	at android.hardware.camera2.impl.CameraDeviceImpl$1.run(CameraDeviceImpl.java:139)
04-29 06:57:03.799  2879  2978 E AndroidRuntime: 	at android.os.Handler.handleCallback(Handler.java:790)
04-29 06:57:03.799  2879  2978 E AndroidRuntime: 	at android.os.Handler.dispatchMessage(Handler.java:99)
04-29 06:57:03.799  2879  2978 E AndroidRuntime: 	at android.os.Looper.loop(Looper.java:164)
04-29 06:57:03.799  2879  2978 E AndroidRuntime: 	at android.os.HandlerThread.run(HandlerThread.java:65)
04-29 06:57:03.802   479   494 I am_crash: [2879,0,com.android.camera2,819510341,java.lang.NullPointerException,Attempt to get length of null array,OneCameraCharacteristicsImpl.java,72]
04-29 06:57:03.806   479   494 W ActivityManager:   Force finishing activity com.android.camera2/com.android.camera.CameraActivity
04-29 06:57:03.807   479   494 I am_finish_activity: [0,38417644,12,com.android.camera2/com.android.camera.CameraActivity,force-crash]
04-29 06:57:03.808   479   494 I am_focused_stack: [0,0,1,finishActivity adjustFocus]
04-29 06:57:03.808   479   494 I wm_task_moved: [8,1,0]
04-29 06:57:03.810   479   494 I am_pause_activity: [0,38417644,com.android.camera2/com.android.camera.CameraActivity]
04-29 06:57:03.811  2879  2879 V CAM_QuickActivity: START onPause: Activity = com.android.camera.CameraActivity@21cba2
04-29 06:57:03.812  2879  2879 V CAM_QuickActivity: onPause --> onPauseTasks()
04-29 06:57:03.812  2879  2879 V CAM_Profiler: [  0.000ms][ui] GUARD: CameraActivity.onPause - START
04-29 06:57:03.815   479   519 I sysui_count: [window_time_0,3]
04-29 06:57:03.815   479   519 I sysui_multi_action: [757,803,799,window_time_0,802,3]
04-29 06:57:03.817   479   520 I ActivityManager: Showing crash dialog for package com.android.camera2 u0
04-29 06:57:03.817  2879  2879 D CAM_Camera2OneCamMgr: Getting First FRONT Camera
04-29 06:57:03.859   479  2100 I OpenGLRenderer: Initialized EGL, version 1.4
04-29 06:57:03.859   479  2100 D OpenGLRenderer: Swap behavior 2
04-29 06:57:03.864   199   695 E SensorHAL: Failed to save calibration data.
04-29 06:57:03.897   199   695 D SensorHAL: lsm6db0_magn: power-off.
04-29 06:57:03.898  2879  2879 V CAM_Profiler: [  0.000ms][ui] GUARD: CaptureModule.closeCamera() - START
04-29 06:57:04.313   479   519 W ActivityManager: Activity pause timeout for ActivityRecord{24a34ec u0 com.android.camera2/com.android.camera.CameraActivity t12 f}
04-29 06:57:04.320   479   519 I am_set_resumed_activity: [0,org.lineageos.trebuchet/com.android.launcher3.searchlauncher.SearchLauncher,resumeTopActivityInnerLocked]
04-29 06:57:04.328   479   519 I am_resume_activity: [0,70890450,8,org.lineageos.trebuchet/com.android.launcher3.searchlauncher.SearchLauncher]
04-29 06:57:04.389   479   519 I sysui_count: [window_time_0,1]
04-29 06:57:04.389   479   519 I sysui_multi_action: [757,803,799,window_time_0,802,1]
04-29 06:57:04.391   479  1288 W ActivityManager: Unable to start service Intent { act=com.android.launcher3.WINDOW_OVERLAY dat=app://org.lineageos.trebuchet:10008?v=7&cv=9 pkg=com.google.android.googlequicksearchbox } U=0: not found
04-29 06:57:04.417  1622  1622 I am_on_resume_called: [0,com.android.launcher3.searchlauncher.SearchLauncher,RESUME_ACTIVITY]
04-29 06:57:04.915   479   519 I am_destroy_activity: [0,38417644,12,com.android.camera2/com.android.camera.CameraActivity,finish-imm]
04-29 06:57:05.079  1622  2172 W OpenGLRenderer: Incorrectly called buildLayer on View: ShortcutAndWidgetContainer, destroying layer...
04-29 06:57:05.079  1622  2172 W OpenGLRenderer: Incorrectly called buildLayer on View: ShortcutAndWidgetContainer, destroying layer...
04-29 06:57:06.023   479   494 I sysui_action: [316,1]
04-29 06:57:06.023   479   494 I sysui_multi_action: [757,316,758,4,759,1]
04-29 06:57:06.023   479   494 W ActivityManager:   Force finishing activity com.android.camera2/com.android.camera.CameraActivity
04-29 06:57:06.023   479   494 I am_destroy_activity: [0,38417644,12,com.android.camera2/com.android.camera.CameraActivity,finish-imm]
04-29 06:57:06.046   479   494 I wm_task_removed: [12,removeAppToken: last token]
04-29 06:57:06.059   479   494 I wm_task_removed: [12,removeTask]
04-29 06:57:06.061   479   494 I wm_stack_removed: 1
04-29 06:57:06.063   479   494 I am_uid_stopped: 10014
04-29 06:57:06.063   479   494 I ActivityManager: Killing 2879:com.android.camera2/u0a14 (adj 900): crash
04-29 06:57:06.063   479   494 I am_kill : [0,2879,com.android.camera2,900,crash]
04-29 06:57:06.064   479   521 W system_server: kill(-2879, 9) failed: No such process
04-29 06:57:06.067   479   520 W InputEventReceiver: Attempted to finish an input event but the input event receiver has already been disposed.
04-29 06:57:06.083     0     0 E gk20a.0 : unrecognized ioctl cmd: 0x8008486d
04-29 06:57:06.085   479   521 W system_server: kill(-2879, 9) failed: No such process
04-29 06:57:06.105     0     0 I binder  : undelivered transaction 147315, process died.
04-29 06:57:06.106     0     0 I binder  : undelivered transaction 147340, process died.
04-29 06:57:06.106     0     0 I binder  : undelivered transaction 147339, process died.
04-29 06:57:06.107   479   549 W ActivityManager: setHasOverlayUi called on unknown pid: 2879
04-29 06:57:06.107     0     0 I binder  : 278:1464 transaction failed 29189, size 60-0
04-29 06:57:06.107     0     0 I chatty  : uid=0(root) logd identical 1 line
04-29 06:57:06.108     0     0 I binder  : 278:1464 transaction failed 29189, size 60-0
04-29 06:57:06.115   589   685 I Camera3-Device: disconnect: E
04-29 06:57:06.115   589   685 V Camera3Wrapper: camera3_device_close
04-29 06:57:06.116   589  3016 D NvOsDebugPrintf: NvCamScaler_OutputThread-- (error 0x0)
04-29 06:57:06.116   589  3001 D CameraWrapper: NvCamScaler_OutputThread-- (error 0x0)
04-29 06:57:06.119   270   270 D phs:ipc-loc: Socket 13: hangup from client "com.android.camera2"
04-29 06:57:06.127     0     0 I         : ardbeg_imx179_power_off finished
04-29 06:57:06.129   479   521 W system_server: kill(-2879, 9) failed: No such process
04-29 06:57:06.129   479   521 I system_server: Successfully killed process cgroup uid 10014 pid 2879 in 65ms
04-29 06:57:06.130     0     0 I         : ardbeg_ad5823_power_off
04-29 06:57:06.163   589   685 D         : ~NvCameraTNR: ++
04-29 06:57:06.163   589   685 D         : Release: ++
04-29 06:57:06.165   589   685 D         : Release: --
04-29 06:57:06.165   589   685 D         : ~NvCameraTNR: --
04-29 06:57:06.165   589   685 I Camera3-Device: disconnect: X
04-29 06:57:06.165   589   685 I Camera3-Device: disconnect: E
04-29 06:57:06.166     0     0 I binder  : 589:685 transaction failed 29189, size 100-0
04-29 06:57:06.167   589   685 I CameraService: disconnect: Disconnected client for camera 0 for PID 2879
04-29 06:57:06.167   589   685 I Camera2ClientBase: Closed Camera 0. Client was: com.android.camera2 (PID 2879, UID 10014)
04-29 06:57:06.167   589   685 E CameraService: binderDied: Java client's binder died, removing it from the list of active clients
04-29 06:57:06.228   479   692 W AppOps  : Finishing op nesting under-run: uid 1000 pkg android code 24 time=0 duration=0 nesting=0
04-29 06:57:08.314   479  1207 I ActivityManager: START u0 {act=android.intent.action.MAIN cat=[android.intent.category.LAUNCHER] flg=0x10200000 pkg=com.android.camera2 cmp=com.android.camera2/com.android.camera.CameraLauncher bnds=[1261,1884][1458,2044]} from uid 10008
04-29 06:57:08.314   479  1207 I wm_stack_created: 1
04-29 06:57:08.315   479  1207 I wm_task_created: [13,1]
04-29 06:57:08.315   479  1207 I wm_task_moved: [13,1,0]
04-29 06:57:08.315   479  1207 I am_focused_stack: [0,1,0,reuseOrNewTask]
04-29 06:57:08.316   479  1207 I wm_task_moved: [13,1,0]
04-29 06:57:08.316   479  1207 I am_create_task: [0,13]
04-29 06:57:08.316   479  1207 I am_create_activity: [0,248849361,13,com.android.camera2/com.android.camera.CameraLauncher,android.intent.action.MAIN,NULL,NULL,270532608]
04-29 06:57:08.316   479  1207 I wm_task_moved: [13,1,0]
04-29 06:57:08.318   479  1207 I am_pause_activity: [0,70890450,org.lineageos.trebuchet/com.android.launcher3.searchlauncher.SearchLauncher]
04-29 06:57:08.327  1622  1622 I am_on_paused_called: [0,com.android.launcher3.searchlauncher.SearchLauncher,handlePauseActivity]
04-29 06:57:08.328   479  1291 I am_uid_running: 10014
04-29 06:57:08.339   479  1291 I am_proc_start: [0,3032,10014,com.android.camera2,activity,com.android.camera2/com.android.camera.CameraLauncher]
04-29 06:57:08.339   479  1291 I ActivityManager: Start proc 3032:com.android.camera2/u0a14 for activity com.android.camera2/com.android.camera.CameraLauncher
04-29 06:57:08.357   479  1957 I am_proc_bound: [0,3032,com.android.camera2]
04-29 06:57:08.362   479  1957 I am_uid_active: 10014
04-29 06:57:08.362   479  1957 I am_restart_activity: [0,248849361,13,com.android.camera2/com.android.camera.CameraLauncher]
04-29 06:57:08.363   479  1957 I am_set_resumed_activity: [0,com.android.camera2/com.android.camera.CameraLauncher,minimalResumeActivityLocked]
04-29 06:57:08.412  3032  3032 V CAM_Profiler: [  0.000ms][ui] GUARD: CameraApp onCreate() - START
04-29 06:57:08.414  3032  3032 V CAM_Profiler: [  0.000ms][ui] GUARD: FirstRunDetector getTimeOfFirstRun - START
04-29 06:57:08.416  3032  3032 V CAM_Profiler: [  2.024ms][ui] GUARD: FirstRunDetector getTimeOfFirstRun - [ 2.024ms] PreferenceManager.getDefaultSharedPreferences
04-29 06:57:08.419  3032  3032 V CAM_Profiler: [  4.967ms][ui] GUARD: FirstRunDetector getTimeOfFirstRun - [ 2.943ms] preferences.getLong
04-29 06:57:08.419  3032  3032 V CAM_Profiler: [  5.240ms][ui] GUARD: FirstRunDetector getTimeOfFirstRun - STOP
04-29 06:57:08.419  3032  3032 V CAM_Profiler: [ 11.039ms][ui] GUARD: CameraApp onCreate() - [11.039ms] initializeTimeOfFirstRun
04-29 06:57:08.420  3032  3032 V CAM_Profiler: [ 11.820ms][ui] GUARD: CameraApp onCreate() - [ 0.782ms] UsageStatistics.initialize
04-29 06:57:08.421   479   479 I notification_cancel_all: [10014,3032,com.android.camera2,0,0,64,9,NULL]
04-29 06:57:08.421  3032  3032 V CAM_Profiler: [ 13.503ms][ui] GUARD: CameraApp onCreate() - [ 1.683ms] clearNotifications
04-29 06:57:08.422  3032  3032 V CAM_Profiler: [ 13.503ms][ui] GUARD: CameraApp onCreate() - STOP
04-29 06:57:08.427  3032  3048 D vndksupport: Loading /system/lib/egl/libEGL_tegra.so from current namespace instead of sphal namespace.
04-29 06:57:08.436  3032  3048 D libEGL  : loaded /system/lib/egl/libEGL_tegra.so
04-29 06:57:08.437  3032  3048 I         : Attempting to load EGL implementation libEGL_tegra_impl
04-29 06:57:08.450  3032  3048 I         : Loaded EGL implementation libEGL_tegra_impl
04-29 06:57:08.452  3032  3048 D vndksupport: Loading /system/lib/egl/libGLESv1_CM_tegra.so from current namespace instead of sphal namespace.
04-29 06:57:08.453  3032  3048 D libEGL  : loaded /system/lib/egl/libGLESv1_CM_tegra.so
04-29 06:57:08.481  3032  3048 D vndksupport: Loading /system/lib/egl/libGLESv2_tegra.so from current namespace instead of sphal namespace.
04-29 06:57:08.481  3032  3032 V CAM_QuickActivity: START onCreate: Activity = com.android.camera.CameraActivity@21cba2
04-29 06:57:08.482  3032  3032 V CAM_Profiler: [  0.000ms][ui] GUARD: CameraActivity.onCreateTasks - START
04-29 06:57:08.482  3032  3048 D libEGL  : loaded /system/lib/egl/libGLESv2_tegra.so
04-29 06:57:08.483  3032  3032 D CAM_LocationManager: Using legacy location provider.
04-29 06:57:08.500  3032  3032 D CAM_MemoryManagerImpl: Max native memory: 358 MB
04-29 06:57:08.505  3032  3032 W SoundPool: Use of stream types is deprecated for operations other than volume control
04-29 06:57:08.505  3032  3032 W SoundPool: See the documentation of SoundPool() for what to use instead with android.media.AudioAttributes to qualify your playback use case
04-29 06:57:08.506  3032  3032 I CAM_OneCamFtrCnfgCrtr: CaptureModule? true
04-29 06:57:08.521     0     0 E gk20a.0 : unrecognized ioctl cmd: 0x8008486d
04-29 06:57:08.537  3032  3032 I CAM_Profiler: [ 55.559ms][ui] GUARD: CameraActivity.onCreateTasks - [27.181ms] Glide.setup
04-29 06:57:08.544  3032  3032 V CAM_Profiler: [ 61.848ms][ui] GUARD: CameraActivity.onCreateTasks - [ 6.289ms] OneCameraManager.get
04-29 06:57:08.562  3032  3056 V NuMediaExtractor: setDataSource fd=40 (/system/media/audio/ui/camera_click.ogg), offset=0, length=5951
04-29 06:57:08.563  3032  3032 I CameraManagerGlobal: Connecting to camera service
04-29 06:57:08.568  3032  3056 V NuMediaExtractor: track of type 'audio/vorbis' does not publish bitrate
04-29 06:57:08.569  3032  3032 V CAM_SettingsManager: listeners: [com.android.camera.CameraActivity@21cba2]
04-29 06:57:08.570   283  1459 I OMXMaster: makeComponentInstance(OMX.google.vorbis.decoder) in android.hardwar process
04-29 06:57:08.580   589   685 I CameraService: CameraService::connect call (PID -1 "com.android.camera2", camera ID 0) for HAL version default and Camera API version 1
04-29 06:57:08.582   589   685 D NuPlayerDriver: NuPlayerDriver(0xb32a7f50) created, clientPid(3032)
04-29 06:57:08.588   589  3061 D NuPlayerDriver: notifyListener_l(0xb32a7f50), (1, 0, 0, -1), loop setting(0, 0)
04-29 06:57:08.588   589   685 D NuPlayerDriver: NuPlayerDriver(0xb32a7b60) created, clientPid(3032)
04-29 06:57:08.593   589  3063 D NuPlayerDriver: notifyListener_l(0xb32a7b60), (1, 0, 0, -1), loop setting(0, 0)
04-29 06:57:08.594   589   685 D NuPlayerDriver: NuPlayerDriver(0xb32a8880) created, clientPid(3032)
04-29 06:57:08.600   589  3065 D NuPlayerDriver: notifyListener_l(0xb32a8880), (1, 0, 0, -1), loop setting(0, 0)
04-29 06:57:08.600   589   685 I Camera2ClientBase: Camera 0: Opened. Client: com.android.camera2 (PID 3032, UID 10014)
04-29 06:57:08.601   589   685 V CameraWrapper: check_vendor_module
04-29 06:57:08.601   589   685 V Camera3Wrapper: camera3_device_open
04-29 06:57:08.601   589   685 V Camera3Wrapper: check_vendor_module
04-29 06:57:08.601   589   685 D         : NvCameraTNR: ++
04-29 06:57:08.602   589   685 D         : NvCameraTNR: --
04-29 06:57:08.637   589   685 D NvOsDebugPrintf: NvOdmImagerGetLayout: PCL layout not detected - 2
04-29 06:57:08.637   589  3068 D CameraWrapper: NvOdmImagerGetLayout: PCL layout not detected - 2
04-29 06:57:08.638   589   685 D NvOsDebugPrintf: NvOdmImagerGetLayout: PCL layout not detected - 2
04-29 06:57:08.638   589   685 D NvOsDebugPrintf: NvPclStateControllerOpen: device detection on this platform is not supported
04-29 06:57:08.638   589   685 D NvOsDebugPrintf: NvOdmImagerGetLayout: PCL layout not detected - 2
04-29 06:57:08.638   589   685 D NvOsDebugPrintf: NvPclStateControllerOpen: attempting to use backup default module list
04-29 06:57:08.638   589  3068 D CameraWrapper: NvOdmImagerGetLayout: PCL layout not detected - 2
04-29 06:57:08.638   589  3068 D CameraWrapper: NvPclStateControllerOpen: device detection on this platform is not supported
04-29 06:57:08.638   589  3068 D CameraWrapper: NvOdmImagerGetLayout: PCL layout not detected - 2
04-29 06:57:08.638   589  3068 D CameraWrapper: NvPclStateControllerOpen: attempting to use backup default module list
04-29 06:57:08.638     0     0 I         : ardbeg_ad5823_power_on
04-29 06:57:08.638     0     0 I         : ardbeg_imx179_power_on
04-29 06:57:08.640     0     0 I         : ardbeg_imx179_power_on finished
04-29 06:57:08.640     0     0 I         : imx179_get_sensor_id
04-29 06:57:08.743   589   685 D NvOsDebugPrintf: Get otp vendor 0x0, size: 1
04-29 06:57:08.743     0     0 I         : imx179 module vendor ID: 0x08 06
04-29 06:57:08.744   589  3068 D CameraWrapper: Get otp vendor 0x0, size: 1
04-29 06:57:08.756   589   685 D NvOsDebugPrintf: NvCameraIspInitialize: disable3A=0x0
04-29 06:57:08.757   589  3068 D CameraWrapper: NvCameraIspInitialize: disable3A=0x0
04-29 06:57:08.767   589   685 D NvOsDebugPrintf: LSC: LSC surface is not based on full res!
04-29 06:57:08.768   589  3068 D CameraWrapper: LSC: LSC surface is not based on full res!
04-29 06:57:08.777   589   685 D NvOsDebugPrintf: -- NvIspAFinit -- min 176, max 544
04-29 06:57:08.778   589   685 D NvOsDebugPrintf: NvIspSetStats: WARNING: FM can't be enabled because AP is not enabled!!
04-29 06:57:08.778   589  3068 D CameraWrapper: -- NvIspAFinit -- min 176, max 544
04-29 06:57:08.778   589  3068 D CameraWrapper: NvIspSetStats: WARNING: FM can't be enabled because AP is not enabled!!
04-29 06:57:08.792   589   685 V Camera3Wrapper: camera3_device_open: got vendor camera device 0xB32A5BB0
04-29 06:57:08.792   589   685 V Camera3Wrapper: camera3_initialize->B32A5A70->B32A5BB0
04-29 06:57:08.796   589   685 E Camera2-Parameters: buildFastInfo: Unknown override AE mode: 0
04-29 06:57:08.796   589   685 E Camera2-Parameters: buildFastInfo: Camera 0: Scene mode override lists asks for fixed focus on a device with focuser but not calibrated for infinity focus
04-29 06:57:08.796   589   685 E Camera2Client: initializeImpl: Camera 0: unable to build defaults: No such device (-19)
04-29 06:57:08.796   589   685 E CameraService: connectHelper: Could not initialize client from HAL.
04-29 06:57:08.796   589   685 I Camera2Client: Camera 0: Closed
04-29 06:57:08.796   589   685 I Camera3-Device: disconnect: E
04-29 06:57:08.797   589   685 V Camera3Wrapper: camera3_device_close
04-29 06:57:08.797   589  3083 D NvOsDebugPrintf: NvCamScaler_OutputThread-- (error 0x0)
04-29 06:57:08.798   589  3068 D CameraWrapper: NvCamScaler_OutputThread-- (error 0x0)
04-29 06:57:08.821     0     0 I         : ardbeg_imx179_power_off finished
04-29 06:57:08.832     0     0 I         : ardbeg_ad5823_power_off
04-29 06:57:08.867   589   685 D         : ~NvCameraTNR: ++
04-29 06:57:08.867   589   685 D         : Release: ++
04-29 06:57:08.890   589   685 D         : Release: --
04-29 06:57:08.890   589   685 D         : ~NvCameraTNR: --
04-29 06:57:08.890   589   685 I Camera3-Device: disconnect: X
04-29 06:57:08.890   589   685 I Camera3-Device: disconnect: E
04-29 06:57:08.892   589   685 I CameraService: disconnect: Disconnected client for camera 0 for PID 3032
04-29 06:57:08.892   589   685 I Camera2ClientBase: Closed Camera 0. Client was: com.android.camera2 (PID 3032, UID 10014)
04-29 06:57:08.892   589   685 D NuPlayerDriver: reset(0xb32a7f50) at state 4
04-29 06:57:08.892   589   685 D NuPlayerDriver: updateMetrics(0xb32a7f50) from reset at state 4
04-29 06:57:08.892   589   685 D NuPlayerDriver: notifyListener_l(0xb32a7f50), (8, 0, 0, -1), loop setting(0, 0)
04-29 06:57:08.892   589  3061 D NuPlayerDriver: notifyResetComplete(0xb32a7f50)
04-29 06:57:08.892   589   685 D NuPlayerDriver: updateMetrics(0xb32a7f50) from destructor at state 0
04-29 06:57:08.892   589   685 D NuPlayerDriver: reset(0xb32a7b60) at state 4
04-29 06:57:08.892   589   685 D NuPlayerDriver: updateMetrics(0xb32a7b60) from reset at state 4
04-29 06:57:08.892   589   685 D NuPlayerDriver: notifyListener_l(0xb32a7b60), (8, 0, 0, -1), loop setting(0, 0)
04-29 06:57:08.893   589  3063 D NuPlayerDriver: notifyResetComplete(0xb32a7b60)
04-29 06:57:08.893   589   685 D NuPlayerDriver: updateMetrics(0xb32a7b60) from destructor at state 0
04-29 06:57:08.893   589   685 D NuPlayerDriver: reset(0xb32a8880) at state 4
04-29 06:57:08.893   589   685 D NuPlayerDriver: updateMetrics(0xb32a8880) from reset at state 4
04-29 06:57:08.893   589   685 D NuPlayerDriver: notifyListener_l(0xb32a8880), (8, 0, 0, -1), loop setting(0, 0)
04-29 06:57:08.893   589  3065 D NuPlayerDriver: notifyResetComplete(0xb32a8880)
04-29 06:57:08.893   589   685 D NuPlayerDriver: updateMetrics(0xb32a8880) from destructor at state 0
04-29 06:57:08.894  3032  3032 W CameraBase: An error occurred while connecting to camera 0: Status(-8): '10: connectHelper:1405: Failed to initialize camera "0": No such device (-19)'
04-29 06:57:08.894   589   589 I CameraService: CameraService::connect call (PID -1 "com.android.camera2", camera ID 1) for HAL version default and Camera API version 1
04-29 06:57:08.895   589   589 D NuPlayerDriver: NuPlayerDriver(0xb32a83b0) created, clientPid(3032)
04-29 06:57:08.900   589  3095 D NuPlayerDriver: notifyListener_l(0xb32a83b0), (1, 0, 0, -1), loop setting(0, 0)
04-29 06:57:08.901   589   589 D NuPlayerDriver: NuPlayerDriver(0xb32a7e70) created, clientPid(3032)
04-29 06:57:08.905   589  3097 D NuPlayerDriver: notifyListener_l(0xb32a7e70), (1, 0, 0, -1), loop setting(0, 0)
04-29 06:57:08.905   589   589 D NuPlayerDriver: NuPlayerDriver(0xb32a7690) created, clientPid(3032)
04-29 06:57:08.909   589  3099 D NuPlayerDriver: notifyListener_l(0xb32a7690), (1, 0, 0, -1), loop setting(0, 0)
04-29 06:57:08.909   589   589 I Camera2ClientBase: Camera 1: Opened. Client: com.android.camera2 (PID 3032, UID 10014)
04-29 06:57:08.910   589   589 V CameraWrapper: check_vendor_module
04-29 06:57:08.910   589   589 V Camera3Wrapper: camera3_device_open
04-29 06:57:08.910   589   589 V Camera3Wrapper: check_vendor_module
04-29 06:57:08.910   589   589 D         : NvCameraTNR: ++
04-29 06:57:08.912   589   589 D         : NvCameraTNR: --
04-29 06:57:08.946   589   589 D NvOsDebugPrintf: NvOdmImagerGetLayout: PCL layout not detected - 2
04-29 06:57:08.946   589   589 D NvOsDebugPrintf: NvOdmImagerGetLayout: PCL layout not detected - 2
04-29 06:57:08.946   589  3102 D CameraWrapper: NvOdmImagerGetLayout: PCL layout not detected - 2
04-29 06:57:08.946   589   589 D NvOsDebugPrintf: NvPclStateControllerOpen: device detection on this platform is not supported
04-29 06:57:08.946   589  3102 D CameraWrapper: NvOdmImagerGetLayout: PCL layout not detected - 2
04-29 06:57:08.946   589  3102 D CameraWrapper: NvPclStateControllerOpen: device detection on this platform is not supported
04-29 06:57:08.946   589   589 D NvOsDebugPrintf: NvOdmImagerGetLayout: PCL layout not detected - 2
04-29 06:57:08.946   589   589 D NvOsDebugPrintf: NvPclStateControllerOpen: attempting to use backup default module list
04-29 06:57:08.946     0     0 I         : ardbeg_ov5693_power_on
04-29 06:57:08.946   589  3102 D CameraWrapper: NvOdmImagerGetLayout: PCL layout not detected - 2
04-29 06:57:08.946   589  3102 D CameraWrapper: NvPclStateControllerOpen: attempting to use backup default module list
04-29 06:57:08.949     0     0 I         : ardbeg_ov5693_power_on finished
04-29 06:57:09.088   589   589 D NvOsDebugPrintf: NvCameraIspInitialize: disable3A=0x0
04-29 06:57:09.089   589  3102 D CameraWrapper: NvCameraIspInitialize: disable3A=0x0
04-29 06:57:09.099   589   589 D NvOsDebugPrintf: -- NvIspAFinit -- min 0, max 0
04-29 06:57:09.099   589  3102 D CameraWrapper: -- NvIspAFinit -- min 0, max 0
04-29 06:57:09.100   589   589 D NvOsDebugPrintf: NvIspSetStats: WARNING: FM can't be enabled because AP is not enabled!!
04-29 06:57:09.100   589  3102 D CameraWrapper: NvIspSetStats: WARNING: FM can't be enabled because AP is not enabled!!
04-29 06:57:09.103   589   589 V Camera3Wrapper: camera3_device_open: got vendor camera device 0xB32A5D40
04-29 06:57:09.103   589   589 V Camera3Wrapper: camera3_initialize->B32A5BB0->B32A5D40
04-29 06:57:09.104   589   589 E Camera2-Parameters: buildFastInfo: Unknown override AE mode: 0
04-29 06:57:09.105   589   589 E Camera2-Parameters: Malformed static metadata entry 'android.control.maxRegions' (1001c):Expected between 3 and 3 values, but got 1 values
04-29 06:57:09.105   589   589 E Camera2Client: initializeImpl: Camera 1: unable to build defaults: No such device (-19)
04-29 06:57:09.105   589   589 E CameraService: connectHelper: Could not initialize client from HAL.
04-29 06:57:09.105   589   589 I Camera2Client: Camera 1: Closed
04-29 06:57:09.105   589   589 I Camera3-Device: disconnect: E
04-29 06:57:09.105   589   589 V Camera3Wrapper: camera3_device_close
04-29 06:57:09.105   589  3117 D NvOsDebugPrintf: NvCamScaler_OutputThread-- (error 0x0)
04-29 06:57:09.105   589  3102 D CameraWrapper: NvCamScaler_OutputThread-- (error 0x0)
04-29 06:57:09.113     0     0 I         : ardbeg_ov5693_power_off
04-29 06:57:09.114     0     0 I         : ardbeg_ov5693_power_off finished
04-29 06:57:09.120   589   589 D         : ~NvCameraTNR: ++
04-29 06:57:09.121   589   589 D         : Release: ++
04-29 06:57:09.124   589   589 D         : Release: --
04-29 06:57:09.124   589   589 D         : ~NvCameraTNR: --
04-29 06:57:09.125   589   589 I Camera3-Device: disconnect: X
04-29 06:57:09.125   589   589 I Camera3-Device: disconnect: E
04-29 06:57:09.126   589   589 I CameraService: disconnect: Disconnected client for camera 1 for PID 3032
04-29 06:57:09.126   589   589 I Camera2ClientBase: Closed Camera 1. Client was: com.android.camera2 (PID 3032, UID 10014)
04-29 06:57:09.126   589   589 D NuPlayerDriver: reset(0xb32a83b0) at state 4
04-29 06:57:09.126   589   589 D NuPlayerDriver: updateMetrics(0xb32a83b0) from reset at state 4
04-29 06:57:09.126   589   589 D NuPlayerDriver: notifyListener_l(0xb32a83b0), (8, 0, 0, -1), loop setting(0, 0)
04-29 06:57:09.126   589  3095 D NuPlayerDriver: notifyResetComplete(0xb32a83b0)
04-29 06:57:09.126   589   589 D NuPlayerDriver: updateMetrics(0xb32a83b0) from destructor at state 0
04-29 06:57:09.126   589   589 D NuPlayerDriver: reset(0xb32a7e70) at state 4
04-29 06:57:09.126   589   589 D NuPlayerDriver: updateMetrics(0xb32a7e70) from reset at state 4
04-29 06:57:09.126   589   589 D NuPlayerDriver: notifyListener_l(0xb32a7e70), (8, 0, 0, -1), loop setting(0, 0)
04-29 06:57:09.127   589  3097 D NuPlayerDriver: notifyResetComplete(0xb32a7e70)
04-29 06:57:09.127   589   589 D NuPlayerDriver: updateMetrics(0xb32a7e70) from destructor at state 0
04-29 06:57:09.127   589   589 D NuPlayerDriver: reset(0xb32a7690) at state 4
04-29 06:57:09.127   589   589 D NuPlayerDriver: updateMetrics(0xb32a7690) from reset at state 4
04-29 06:57:09.127   589   589 D NuPlayerDriver: notifyListener_l(0xb32a7690), (8, 0, 0, -1), loop setting(0, 0)
04-29 06:57:09.127   589  3099 D NuPlayerDriver: notifyResetComplete(0xb32a7690)
04-29 06:57:09.127   589   589 D NuPlayerDriver: updateMetrics(0xb32a7690) from destructor at state 0
04-29 06:57:09.128  3032  3032 W CameraBase: An error occurred while connecting to camera 1: Status(-8): '10: connectHelper:1405: Failed to initialize camera "1": No such device (-19)'
04-29 06:57:09.131  3032  3032 I CAM_Profiler: [648.639ms][ui] GUARD: CameraActivity.onCreateTasks - [558.589ms] computePictureSizes
04-29 06:57:09.178  3032  3032 W CAM_Log : Tag RoundedThumbnailView is 1 chars longer than limit.
04-29 06:57:09.284  3032  3032 I CAM_Profiler: [802.052ms][ui] GUARD: CameraActivity.onCreateTasks - [149.530ms] setContentView()
04-29 06:57:09.314  3032  3032 I CAM_Profiler: [831.989ms][ui] GUARD: CameraActivity.onCreateTasks - [29.937ms] Configure Camera UI
04-29 06:57:09.330  3032  3032 V CAM_CameraController: Closing camera
04-29 06:57:09.331  3032  3051 W CAM2PORT_AndCamAgntImp: Releasing camera without any camera opened.
04-29 06:57:09.331  3032  3032 V CAM_ModulesInfo: EnableCaptureModule = true
04-29 06:57:09.342  3032  3032 V CAM_Profiler: [  0.000ms][ui] GUARD: new CaptureModule - START
04-29 06:57:09.346  3032  3032 V CAM_Profiler: [  3.631ms][ui] GUARD: new CaptureModule - STOP
04-29 06:57:09.346  3032  3032 V CAM_SettingsManager: listeners: [com.android.camera.CameraActivity@21cba2, com.android.camera.app.CameraAppUI@49d01c7]
04-29 06:57:09.358  3032  3032 V CAM_SettingsManager: listeners: [com.android.camera.CameraActivity@21cba2, com.android.camera.app.CameraAppUI@49d01c7, com.android.camera.ButtonManager@abafb60]
04-29 06:57:09.358  3032  3032 V CAM_SettingsManager: listeners: [com.android.camera.CameraActivity@21cba2, com.android.camera.app.CameraAppUI@49d01c7, com.android.camera.ButtonManager@abafb60, com.android.camera.widget.IndicatorIconController@884f0de]
04-29 06:57:09.359  3032  3032 V CAM_Profiler: [876.824ms][ui] GUARD: CameraActivity.onCreateTasks - [12.847ms] Init Current Module UI
04-29 06:57:09.359  3032  3032 V CAM_Profiler: [  0.000ms][ui] GUARD: CaptureModule.init - START
04-29 06:57:09.359  3032  3032 D CAM_CaptureModule: init UseAutotransformUiLayout = false
04-29 06:57:09.361  3032  3032 D CAM_Camera2OneCamMgr: Getting First BACK Camera
04-29 06:57:09.371  3032  3032 W SoundPool: Use of stream types is deprecated for operations other than volume control
04-29 06:57:09.371  3032  3032 W SoundPool: See the documentation of SoundPool() for what to use instead with android.media.AudioAttributes to qualify your playback use case
04-29 06:57:09.372  3032  3134 V NuMediaExtractor: setDataSource fd=47 (/system/priv-app/Camera2/Camera2.apk), offset=6834592, length=19122
04-29 06:57:09.375  3032  3032 I CAM_Profiler: [ 15.803ms][ui] GUARD: CaptureModule.init - STOP
04-29 06:57:09.375  3032  3032 I CAM_Profiler: [893.230ms][ui] GUARD: CameraActivity.onCreateTasks - [16.406ms] Init CurrentModule
04-29 06:57:09.375  3032  3130 V NuMediaExtractor: setDataSource fd=51 (/system/media/audio/ui/camera_click.ogg), offset=0, length=5951
04-29 06:57:09.377  3032  3134 V NuMediaExtractor: track of type 'audio/vorbis' does not publish bitrate
04-29 06:57:09.379   283   283 I OMXMaster: makeComponentInstance(OMX.google.vorbis.decoder) in android.hardwar process
04-29 06:57:09.379  3032  3032 V NFC     : this device does not have NFC support
04-29 06:57:09.379  3032  3130 V NuMediaExtractor: track of type 'audio/vorbis' does not publish bitrate
04-29 06:57:09.381   283  1437 I OMXMaster: makeComponentInstance(OMX.google.vorbis.decoder) in android.hardwar process
04-29 06:57:09.392  3032  3032 I CAM_Profiler: [910.041ms][ui] GUARD: CameraActivity.onCreateTasks - STOP
04-29 06:57:09.392  3032  3032 V CAM_QuickActivity: END onCreate: Activity = com.android.camera.CameraActivity@21cba2
04-29 06:57:09.393  3032  3032 V CAM_QuickActivity: START onStart: Activity = com.android.camera.CameraActivity@21cba2
04-29 06:57:09.394  3032  3143 D CAM_Storage: External storage state=mounted
04-29 06:57:09.398  3032  3032 V CAM_QuickActivity: END onStart: Activity = com.android.camera.CameraActivity@21cba2
04-29 06:57:09.400  3032  3032 V CAM_QuickActivity: START onResume: Activity = com.android.camera.CameraActivity@21cba2
04-29 06:57:09.402  3032  3032 V CAM_QuickActivity: onResume(): isKeyguardLocked() = false
04-29 06:57:09.402  3032  3032 V CAM_QuickActivity: onResume --> onResumeTasks()
04-29 06:57:09.404  3032  3032 V CAM_Profiler: [  0.000ms][ui] GUARD: CameraActivity.resume - START
04-29 06:57:09.404  3032  3032 V CAM_CameraActivity: Build info: lineage_mocha-eng 8.1.0 OPM7.181205.001 0ea1f19a3c test-keys
04-29 06:57:09.411  3032  3032 V CAM_Profiler: [  0.000ms][ui] GUARD: CaptureModule.resume - START
04-29 06:57:09.412  3032  3032 V CAM_Profiler: [  1.033ms][ui] GUARD: CaptureModule.resume - [ 0.046ms] getRemoteShutterListener.onModuleReady
04-29 06:57:09.422  3032  3143 D CAM_Storage: External storage state=mounted
04-29 06:57:09.430  3032  3142 V CAM_CameraDataAdapter: retrieved photo metadata, number of items: 0
04-29 06:57:09.430  3032  3142 V CAM_CameraDataAdapter: retrieved video metadata, number of items: 0
04-29 06:57:09.430  3032  3142 V CAM_CameraDataAdapter: sorting video/photo metadata
04-29 06:57:09.431  3032  3142 V CAM_CameraDataAdapter: sorted video/photo metadata
04-29 06:57:09.438  3032  3134 V NuMediaExtractor: setDataSource fd=62 (/system/priv-app/Camera2/Camera2.apk), offset=6873096, length=7617
04-29 06:57:09.441  3032  3134 V NuMediaExtractor: track of type 'audio/vorbis' does not publish bitrate
04-29 06:57:09.442   283   303 I OMXMaster: makeComponentInstance(OMX.google.vorbis.decoder) in android.hardwar process
04-29 06:57:09.455   199   695 D SensorHAL: lsm6db0_magn: power-on.
04-29 06:57:09.455  3032  3032 I CAM_Profiler: [ 43.842ms][ui] GUARD: CaptureModule.resume - [33.380ms] mHeadingSensor.activate()
04-29 06:57:09.455  3032  3032 I CAM_Profiler: [ 43.842ms][ui] GUARD: CaptureModule.resume - STOP
04-29 06:57:09.456  3032  3032 I CAM_Profiler: [ 51.664ms][ui] GUARD: CameraActivity.resume - [44.574ms] mCurrentModule.resume
04-29 06:57:09.457  3032  3032 V CAM_Profiler: [ 52.580ms][ui] GUARD: CameraActivity.resume - [ 0.021ms] mPanoramaViewHelper.onResume()
04-29 06:57:09.457  3032  3032 I CAM_Profiler: [ 52.919ms][ui] GUARD: CameraActivity.resume - STOP
04-29 06:57:09.458  3032  3032 V CAM_QuickActivity: END onResume: Activity = com.android.camera.CameraActivity@21cba2
04-29 06:57:09.458  3032  3032 I am_on_resume_called: [0,com.android.camera.CameraLauncher,LAUNCH_ACTIVITY]
04-29 06:57:09.462  3032  3148 D OpenGLRenderer: HWUI GL Pipeline
04-29 06:57:09.465   479  1209 E WindowManager: App trying to use insecure INPUT_FEATURE_NO_INPUT_CHANNEL flag. Ignoring
04-29 06:57:09.467  3032  3032 V CAM_CameraActivity: ignoring storage callback after activity pause
04-29 06:57:09.467  3032  3032 V CAM_FocusController: configurePreviewDimensions(RectF(0.0, 0.0, 0.0, 0.0))
04-29 06:57:09.467  3032  3032 V CAM_CameraActivity: ignoring storage callback after activity pause
04-29 06:57:09.478  3032  3134 V NuMediaExtractor: setDataSource fd=63 (/system/priv-app/Camera2/Camera2.apk), offset=6880776, length=7755
04-29 06:57:09.480  3032  3141 D CAM_MemoryQuery: timestamp=276402, availMem=906, totalMem=1935, totalPSS=12, lastTrimLevel=0, largeMemoryClass=512, nativePSS=4, dalvikPSS=2, otherPSS=5,threshold=144, lowMemory=false
04-29 06:57:09.482  3032  3134 V NuMediaExtractor: track of type 'audio/vorbis' does not publish bitrate
04-29 06:57:09.484   283   303 I OMXMaster: makeComponentInstance(OMX.google.vorbis.decoder) in android.hardwar process
04-29 06:57:09.495  3032  3032 V CAM_TexViewHelper: onLayoutChange
04-29 06:57:09.495  3032  3032 V CAM_TexViewHelper: updateTransform
04-29 06:57:09.496  3032  3032 V CAM_TexViewHelper: setAspectRatio: 0.0
04-29 06:57:09.496  3032  3032 D CAM_CaptureModule: updatePreviewTransform: 1536 x 2048
04-29 06:57:09.498  3032  3032 V CAM_TexViewHelper: setAspectRatio: NaN
04-29 06:57:09.498  3032  3032 V CAM_TexViewHelper: aspect ratio changed from: 0.0
04-29 06:57:09.513     0     0 E gk20a.0 : unrecognized ioctl cmd: 0x8008486d
04-29 06:57:09.545  3032  3148 D vndksupport: Loading /vendor/lib/hw/gralloc.tegra.so from current namespace instead of sphal namespace.
04-29 06:57:09.550  3032  3148 I com.android.camera2: android::hardware::configstore::V1_0::ISurfaceFlingerConfigs::hasWideColorDisplay retrieved: 0
04-29 06:57:09.550  3032  3148 I OpenGLRenderer: Initialized EGL, version 1.4
04-29 06:57:09.550  3032  3148 D OpenGLRenderer: Swap behavior 2
04-29 06:57:09.619  3032  3148 I         : Loading GLESv2 implementation libGLESv2_tegra_impl
04-29 06:57:09.634  3032  3148 D vndksupport: Loading /vendor/lib/hw/android.hardware.graphics.mapper@2.0-impl.so from current namespace instead of sphal namespace.
04-29 06:57:09.636  3032  3148 D vndksupport: Loading /vendor/lib/hw/gralloc.tegra.so from current namespace instead of sphal namespace.
04-29 06:57:09.640  3032  3148 D vndksupport: Loading /vendor/lib/hw/gralloc.tegra.so from current namespace instead of sphal namespace.
04-29 06:57:09.672  3032  3032 V CAM_TexViewHelper: updateTransform
04-29 06:57:09.672  3032  3032 V CAM_CameraAppUI: SurfaceTexture is available
04-29 06:57:09.672  3032  3032 D CAM_CaptureModule: onSurfaceTextureAvailable
04-29 06:57:09.673  3032  3032 D CAM_CaptureModule: updatePreviewTransform: 1536 x 2048
04-29 06:57:09.675  3032  3032 V CAM_TexViewHelper: setAspectRatio: NaN
04-29 06:57:09.675  3032  3032 V CAM_TexViewHelper: aspect ratio changed from: NaN
04-29 06:57:09.676  3032  3032 I CAM_FocusRingView: Computing center via view bounds.
04-29 06:57:09.676  3032  3142 V CAM_Profiler: [  0.000ms] GUARD: CaptureModule.closeCamera() - START
04-29 06:57:09.677  3032  3142 V CAM_Profiler: [  0.704ms] GUARD: CaptureModule.closeCamera() - [ 0.704ms] mCameraOpenCloseLock.acquire()
04-29 06:57:09.677  3032  3142 V CAM_Profiler: [  1.062ms] GUARD: CaptureModule.closeCamera() - STOP
04-29 06:57:09.677  3032  3142 V CAM_Profiler: [  0.000ms] GUARD: CaptureModule.openCameraAndStartPreview() - START
04-29 06:57:09.678  3032  3142 V CAM_Profiler: [  0.312ms] GUARD: CaptureModule.openCameraAndStartPreview() - [ 0.312ms] Acquired mCameraOpenCloseLock
04-29 06:57:09.679  3032  3142 D CAM_Camera2OneCamMgr: Getting First BACK Camera
04-29 06:57:09.688  3032  3142 I CAM_OneCamera1Opnr: Opening Camera: CameraId{Api2='0',Api1:0}
04-29 06:57:09.689  3032  3142 V CAM_ActvCamDevTrckr: Tracking active camera: null
04-29 06:57:09.693   589  1240 I CameraService: CameraService::connect call (PID -1 "com.android.camera2", camera ID 0) for HAL version default and Camera API version 2
04-29 06:57:09.694   589  1240 I Camera2ClientBase: Camera 0: Opened. Client: com.android.camera2 (PID 3032, UID 10014)
04-29 06:57:09.694   589  1240 I CameraDeviceClient: CameraDeviceClient 0: Opened
04-29 06:57:09.699   589  1240 V CameraWrapper: check_vendor_module
04-29 06:57:09.699   589  1240 V Camera3Wrapper: camera3_device_open
04-29 06:57:09.699   589  1240 V Camera3Wrapper: check_vendor_module
04-29 06:57:09.699   589  1240 D         : NvCameraTNR: ++
04-29 06:57:09.705   589  1240 D         : NvCameraTNR: --
04-29 06:57:09.711  3032  3032 V CAM_CameraDataAdapter: new photos query return num items: 0
04-29 06:57:09.720   479   549 I sysui_multi_action: [319,91,321,89,322,1391,325,275,757,761,758,7,759,1,806,com.android.camera2,871,com.android.camera.CameraLauncher,904,org.lineageos.trebuchet,905,0,945,43]
04-29 06:57:09.720   479   549 I am_activity_launch_time: [0,248849361,com.android.camera2/com.android.camera.CameraLauncher,1377,1377]
04-29 06:57:09.720   479   549 I ActivityManager: Displayed com.android.camera2/com.android.camera.CameraLauncher: +1s377ms
04-29 06:57:09.734  3032  3032 V CAM_FocusController: configurePreviewDimensions(RectF(NaN, NaN, NaN, NaN))
04-29 06:57:09.734  3032  3032 I CAM_FocusRingView: Computing center via view bounds.
04-29 06:57:09.734  3032  3032 V CAM_FocusController: configurePreviewDimensions(RectF(NaN, NaN, NaN, NaN))
04-29 06:57:09.735  3032  3032 I CAM_FocusRingView: Computing center via view bounds.
04-29 06:57:09.736  3032  3032 V CAM_FocusController: configurePreviewDimensions(RectF(NaN, NaN, NaN, NaN))
04-29 06:57:09.736  3032  3032 I CAM_FocusRingView: Computing center via view bounds.
04-29 06:57:09.737   479   495 I am_stop_activity: [0,70890450,org.lineageos.trebuchet/com.android.launcher3.searchlauncher.SearchLauncher]
04-29 06:57:09.741  1622  1622 I am_on_stop_called: [0,com.android.launcher3.searchlauncher.SearchLauncher,handleStopActivity]
04-29 06:57:09.750   589  1240 D NvOsDebugPrintf: NvOdmImagerGetLayout: PCL layout not detected - 2
04-29 06:57:09.750   589  3154 D CameraWrapper: NvOdmImagerGetLayout: PCL layout not detected - 2
04-29 06:57:09.751     0     0 I         : ardbeg_ad5823_power_on
04-29 06:57:09.751   589  1240 D NvOsDebugPrintf: NvOdmImagerGetLayout: PCL layout not detected - 2
04-29 06:57:09.751   589  1240 D NvOsDebugPrintf: NvPclStateControllerOpen: device detection on this platform is not supported
04-29 06:57:09.751   589  3154 D CameraWrapper: NvOdmImagerGetLayout: PCL layout not detected - 2
04-29 06:57:09.751   589  3154 D CameraWrapper: NvPclStateControllerOpen: device detection on this platform is not supported
04-29 06:57:09.751   589  1240 D NvOsDebugPrintf: NvOdmImagerGetLayout: PCL layout not detected - 2
04-29 06:57:09.751   589  1240 D NvOsDebugPrintf: NvPclStateControllerOpen: attempting to use backup default module list
04-29 06:57:09.751   589  3154 D CameraWrapper: NvOdmImagerGetLayout: PCL layout not detected - 2
04-29 06:57:09.751   589  3154 D CameraWrapper: NvPclStateControllerOpen: attempting to use backup default module list
04-29 06:57:09.752     0     0 I         : ardbeg_imx179_power_on
04-29 06:57:09.753     0     0 I         : ardbeg_imx179_power_on finished
04-29 06:57:09.753     0     0 I         : imx179_get_sensor_id
04-29 06:57:09.857   589  1240 D NvOsDebugPrintf: Get otp vendor 0x0, size: 1
04-29 06:57:09.857     0     0 I         : imx179 module vendor ID: 0x08 06
04-29 06:57:09.858   589  3154 D CameraWrapper: Get otp vendor 0x0, size: 1
04-29 06:57:09.874   589  1240 D NvOsDebugPrintf: NvCameraIspInitialize: disable3A=0x0
04-29 06:57:09.874   589  3154 D CameraWrapper: NvCameraIspInitialize: disable3A=0x0
04-29 06:57:09.889   589  1240 D NvOsDebugPrintf: LSC: LSC surface is not based on full res!
04-29 06:57:09.891   589  3154 D CameraWrapper: LSC: LSC surface is not based on full res!
04-29 06:57:09.906   589  1240 D NvOsDebugPrintf: -- NvIspAFinit -- min 176, max 544
04-29 06:57:09.907   589  3154 D CameraWrapper: -- NvIspAFinit -- min 176, max 544
04-29 06:57:09.908   589  1240 D NvOsDebugPrintf: NvIspSetStats: WARNING: FM can't be enabled because AP is not enabled!!
04-29 06:57:09.908   589  3154 D CameraWrapper: NvIspSetStats: WARNING: FM can't be enabled because AP is not enabled!!
04-29 06:57:09.921   589  1240 V Camera3Wrapper: camera3_device_open: got vendor camera device 0xAB39BB00
04-29 06:57:09.921   589  1240 V Camera3Wrapper: camera3_initialize->ACEC54B0->AB39BB00
04-29 06:57:09.934  3032  3142 I CAM_Profiler: [256.372ms] GUARD: CaptureModule.openCameraAndStartPreview() - [256.061ms] mOneCameraOpener.open()
04-29 06:57:09.935  3032  3142 I CAM_Profiler: [256.372ms] GUARD: CaptureModule.openCameraAndStartPreview() - STOP
04-29 06:57:09.936  3032  3131 I CAM_OneCamCreator: Camera support level: ZSL
04-29 06:57:09.956  3032  3131 E AndroidRuntime: FATAL EXCEPTION: CaptureModule.mCameraHandler
04-29 06:57:09.956  3032  3131 E AndroidRuntime: Process: com.android.camera2, PID: 3032
04-29 06:57:09.956  3032  3131 E AndroidRuntime: java.lang.NullPointerException: Attempt to get length of null array
04-29 06:57:09.956  3032  3131 E AndroidRuntime: 	at com.android.camera.one.v2.OneCameraCharacteristicsImpl.getSupportedPictureSizes(OneCameraCharacteristicsImpl.java:72)
04-29 06:57:09.956  3032  3131 E AndroidRuntime: 	at com.android.camera.one.v2.common.PictureSizeCalculator.computeConfiguration(PictureSizeCalculator.java:147)
04-29 06:57:09.956  3032  3131 E AndroidRuntime: 	at com.android.camera.one.v2.OneCameraCreator.create(OneCameraCreator.java:110)
04-29 06:57:09.956  3032  3131 E AndroidRuntime: 	at com.android.camera.one.v2.Camera2OneCameraOpenerImpl$1.onOpened(Camera2OneCameraOpenerImpl.java:167)
04-29 06:57:09.956  3032  3131 E AndroidRuntime: 	at android.hardware.camera2.impl.CameraDeviceImpl$1.run(CameraDeviceImpl.java:139)
04-29 06:57:09.956  3032  3131 E AndroidRuntime: 	at android.os.Handler.handleCallback(Handler.java:790)
04-29 06:57:09.956  3032  3131 E AndroidRuntime: 	at android.os.Handler.dispatchMessage(Handler.java:99)
04-29 06:57:09.956  3032  3131 E AndroidRuntime: 	at android.os.Looper.loop(Looper.java:164)
04-29 06:57:09.956  3032  3131 E AndroidRuntime: 	at android.os.HandlerThread.run(HandlerThread.java:65)
04-29 06:57:09.958   479  1207 I am_crash: [3032,0,com.android.camera2,819510341,java.lang.NullPointerException,Attempt to get length of null array,OneCameraCharacteristicsImpl.java,72]
04-29 06:57:09.961   479  1207 W ActivityManager:   Force finishing activity com.android.camera2/com.android.camera.CameraLauncher
04-29 06:57:09.962   479  1207 I am_finish_activity: [0,248849361,13,com.android.camera2/com.android.camera.CameraLauncher,force-crash]
04-29 06:57:09.963   479  1207 I am_focused_stack: [0,0,1,finishActivity adjustFocus]
04-29 06:57:09.964   479  1207 I wm_task_moved: [8,1,0]
04-29 06:57:09.966   479  1207 I am_pause_activity: [0,248849361,com.android.camera2/com.android.camera.CameraLauncher]
04-29 06:57:09.967  3032  3032 V CAM_QuickActivity: START onPause: Activity = com.android.camera.CameraActivity@21cba2
04-29 06:57:09.967  3032  3032 V CAM_QuickActivity: onPause --> onPauseTasks()
04-29 06:57:09.968  3032  3032 V CAM_Profiler: [  0.000ms][ui] GUARD: CameraActivity.onPause - START
04-29 06:57:09.971   479   519 I sysui_count: [window_time_0,5]
04-29 06:57:09.971   479   519 I sysui_multi_action: [757,803,799,window_time_0,802,5]
04-29 06:57:09.972   479   520 I ActivityManager: Showing crash dialog for package com.android.camera2 u0
04-29 06:57:09.972  3032  3032 D CAM_Camera2OneCamMgr: Getting First FRONT Camera
04-29 06:57:10.016   479  2100 I OpenGLRenderer: Initialized EGL, version 1.4
04-29 06:57:10.016   479  2100 D OpenGLRenderer: Swap behavior 2
04-29 06:57:10.024   199   695 E SensorHAL: Failed to save calibration data.
04-29 06:57:10.056   199   695 D SensorHAL: lsm6db0_magn: power-off.
04-29 06:57:10.058  3032  3032 V CAM_Profiler: [  0.000ms][ui] GUARD: CaptureModule.closeCamera() - START
04-29 06:57:10.469   479   519 W ActivityManager: Activity pause timeout for ActivityRecord{ed523d1 u0 com.android.camera2/com.android.camera.CameraLauncher t13 f}
04-29 06:57:10.476   479   519 I am_set_resumed_activity: [0,org.lineageos.trebuchet/com.android.launcher3.searchlauncher.SearchLauncher,resumeTopActivityInnerLocked]
04-29 06:57:10.487   479   519 I am_resume_activity: [0,70890450,8,org.lineageos.trebuchet/com.android.launcher3.searchlauncher.SearchLauncher]
04-29 06:57:10.601   479   520 W Looper  : Dispatch took 121ms on android.ui, h=Handler (com.android.server.am.ActivityManagerService$UiHandler) {c0f4b8} cb=null msg=31
04-29 06:57:10.601   479   519 I sysui_count: [window_time_0,1]
04-29 06:57:10.602   479   519 I sysui_multi_action: [757,803,799,window_time_0,802,1]
04-29 06:57:10.606   479  1291 W ActivityManager: Unable to start service Intent { act=com.android.launcher3.WINDOW_OVERLAY dat=app://org.lineageos.trebuchet:10008?v=7&cv=9 pkg=com.google.android.googlequicksearchbox } U=0: not found
04-29 06:57:10.627  1622  1622 I am_on_resume_called: [0,com.android.launcher3.searchlauncher.SearchLauncher,RESUME_ACTIVITY]
04-29 06:57:10.694  1622  1622 I auditd  : type=1400 audit(0.0:264): avc: denied { read write } for comm="RenderThread" name="tegra-throughput" dev="tmpfs" ino=6423 scontext=u:r:priv_app:s0:c512,c768 tcontext=u:object_r:video_device:s0 tclass=chr_file permissive=1
04-29 06:57:10.694  1622  1622 I RenderThread: type=1400 audit(0.0:264): avc: denied { read write } for name="tegra-throughput" dev="tmpfs" ino=6423 scontext=u:r:priv_app:s0:c512,c768 tcontext=u:object_r:video_device:s0 tclass=chr_file permissive=1
04-29 06:57:10.694  1622  1622 I auditd  : type=1400 audit(0.0:265): avc: denied { open } for comm="RenderThread" path="/dev/tegra-throughput" dev="tmpfs" ino=6423 scontext=u:r:priv_app:s0:c512,c768 tcontext=u:object_r:video_device:s0 tclass=chr_file permissive=1
04-29 06:57:10.694  1622  1622 I RenderThread: type=1400 audit(0.0:265): avc: denied { open } for path="/dev/tegra-throughput" dev="tmpfs" ino=6423 scontext=u:r:priv_app:s0:c512,c768 tcontext=u:object_r:video_device:s0 tclass=chr_file permissive=1
04-29 06:57:10.694  1622  1622 I auditd  : type=1400 audit(0.0:266): avc: denied { ioctl } for comm="RenderThread" path="/dev/tegra-throughput" dev="tmpfs" ino=6423 ioctlcmd=6701 scontext=u:r:priv_app:s0:c512,c768 tcontext=u:object_r:video_device:s0 tclass=chr_file permissive=1
04-29 06:57:10.694  1622  1622 I RenderThread: type=1400 audit(0.0:266): avc: denied { ioctl } for path="/dev/tegra-throughput" dev="tmpfs" ino=6423 ioctlcmd=6701 scontext=u:r:priv_app:s0:c512,c768 tcontext=u:object_r:video_device:s0 tclass=chr_file permissive=1
04-29 06:57:11.031   479   519 I am_destroy_activity: [0,248849361,13,com.android.camera2/com.android.camera.CameraLauncher,finish-imm]
04-29 06:57:11.240  1622  2172 W OpenGLRenderer: Incorrectly called buildLayer on View: ShortcutAndWidgetContainer, destroying layer...
04-29 06:57:11.919     0     0 D logd    : logdr: UID=0 GID=0 PID=3183 n tail=0 logMask=7f pid=0 start=0ns timeout=0ns
